name,_id,run_start_time,run_end_time,status,status_message,bestest_space_cooling_equipment_performance_tests.case_num,bestest_ce_reporting.0430_day_cop2,bestest_ce_reporting.0430_day_edb,bestest_ce_reporting.0430_day_energy_consumption_compressor,bestest_ce_reporting.0430_day_energy_consumption_condenser_fan,bestest_ce_reporting.0430_day_energy_consumption_supply_fan,bestest_ce_reporting.0430_day_energy_consumption_total,bestest_ce_reporting.0430_day_evaporator_coil_load_latent,bestest_ce_reporting.0430_day_evaporator_coil_load_sensible,bestest_ce_reporting.0430_day_evaporator_coil_load_total,bestest_ce_reporting.0430_day_odb,bestest_ce_reporting.0430_day_zone_humidity_ratio,bestest_ce_reporting.0625_day_cop2,bestest_ce_reporting.0625_day_edb,bestest_ce_reporting.0625_day_energy_consumption_compressor,bestest_ce_reporting.0625_day_energy_consumption_condenser_fan,bestest_ce_reporting.0625_day_energy_consumption_supply_fan,bestest_ce_reporting.0625_day_energy_consumption_total,bestest_ce_reporting.0625_day_evaporator_coil_load_latent,bestest_ce_reporting.0625_day_evaporator_coil_load_sensible,bestest_ce_reporting.0625_day_evaporator_coil_load_total,bestest_ce_reporting.0625_day_odb,bestest_ce_reporting.0625_day_zone_humidity_ratio,bestest_ce_reporting.0628_hourly_cop2,bestest_ce_reporting.0628_hourly_edb,bestest_ce_reporting.0628_hourly_energy_consumpton_compressor,bestest_ce_reporting.0628_hourly_energy_consumpton_cond_fan,bestest_ce_reporting.0628_hourly_evaporator_coil_load_latent,bestest_ce_reporting.0628_hourly_evaporator_coil_load_sensible,bestest_ce_reporting.0628_hourly_evaporator_coil_load_total,bestest_ce_reporting.0628_hourly_ewb,bestest_ce_reporting.0628_hourly_odb,bestest_ce_reporting.0628_hourly_outdoor_humidity_ratio,bestest_ce_reporting.0628_hourly_zone_humidity_ratio,bestest_ce_reporting.ann_mean_cop2,bestest_ce_reporting.ann_mean_idb,bestest_ce_reporting.ann_mean_odb,bestest_ce_reporting.ann_mean_outdoor_humidity_ratio,bestest_ce_reporting.ann_mean_zone_humidity_ratio,bestest_ce_reporting.ann_mean_zone_relative_humidity,bestest_ce_reporting.ann_sum_clg_energy_consumption_compressor,bestest_ce_reporting.ann_sum_clg_energy_consumption_condenser_fan,bestest_ce_reporting.ann_sum_clg_energy_consumption_supply_fan,bestest_ce_reporting.ann_sum_clg_energy_consumption_total,bestest_ce_reporting.ann_sum_evap_coil_load_latent,bestest_ce_reporting.ann_sum_evap_coil_load_sensible,bestest_ce_reporting.ann_sum_evap_coil_load_total,bestest_ce_reporting.clg_energy_consumption_compressor,bestest_ce_reporting.clg_energy_consumption_condenser_fan,bestest_ce_reporting.clg_energy_consumption_supply_fan,bestest_ce_reporting.clg_energy_consumption_total,bestest_ce_reporting.cop2_max_cop2,bestest_ce_reporting.cop2_max_date,bestest_ce_reporting.cop2_max_hr,bestest_ce_reporting.cop2_min_cop2,bestest_ce_reporting.cop2_min_date,bestest_ce_reporting.cop2_min_hr,bestest_ce_reporting.energy_consumption_comp_both_fans_date,bestest_ce_reporting.energy_consumption_comp_both_fans_hr,bestest_ce_reporting.energy_consumption_comp_both_fans_wh,bestest_ce_reporting.evap_coil_load_latent_date,bestest_ce_reporting.evap_coil_load_latent_hr,bestest_ce_reporting.evap_coil_load_latent_wh,bestest_ce_reporting.evap_coil_load_sensible_and_latent_date,bestest_ce_reporting.evap_coil_load_sensible_and_latent_hr,bestest_ce_reporting.evap_coil_load_sensible_and_latent_wh,bestest_ce_reporting.evap_coil_load_sensible_date,bestest_ce_reporting.evap_coil_load_sensible_hr,bestest_ce_reporting.evap_coil_load_sensible_wh,bestest_ce_reporting.evaporator_coil_load_latent,bestest_ce_reporting.evaporator_coil_load_sensible,bestest_ce_reporting.evaporator_coil_load_total,bestest_ce_reporting.feb_max_cop,bestest_ce_reporting.feb_max_humidity_ratio,bestest_ce_reporting.feb_max_idb,bestest_ce_reporting.feb_mean_cop,bestest_ce_reporting.feb_mean_humidity_ratio,bestest_ce_reporting.feb_mean_idb,bestest_ce_reporting.feb_min_cop,bestest_ce_reporting.feb_min_humidity_ratio,bestest_ce_reporting.feb_min_idb,bestest_ce_reporting.hr_max_date,bestest_ce_reporting.hr_max_hr,bestest_ce_reporting.hr_max_humidity_ratio,bestest_ce_reporting.hr_min_date,bestest_ce_reporting.hr_min_hr,bestest_ce_reporting.hr_min_humidity_ratio,bestest_ce_reporting.idb_max_date,bestest_ce_reporting.idb_max_hr,bestest_ce_reporting.idb_max_idb,bestest_ce_reporting.idb_min_date,bestest_ce_reporting.idb_min_hr,bestest_ce_reporting.idb_min_idb,bestest_ce_reporting.may_sept_mean_cop2,bestest_ce_reporting.may_sept_mean_idb,bestest_ce_reporting.may_sept_mean_zone_humidity_ratio,bestest_ce_reporting.may_sept_mean_zone_relative_humidity,bestest_ce_reporting.may_sept_sum_clg_consumption_compressor,bestest_ce_reporting.may_sept_sum_clg_consumption_cond_fan,bestest_ce_reporting.may_sept_sum_clg_consumption_indoor_fan,bestest_ce_reporting.may_sept_sum_clg_consumption_total,bestest_ce_reporting.may_sept_sum_evap_coil_load_latent,bestest_ce_reporting.may_sept_sum_evap_coil_load_sensible,bestest_ce_reporting.may_sept_sum_evap_coil_load_total,bestest_ce_reporting.rh_max_date,bestest_ce_reporting.rh_max_hr,bestest_ce_reporting.rh_max_relative_humidity,bestest_ce_reporting.rh_min_date,bestest_ce_reporting.rh_min_hr,bestest_ce_reporting.rh_min_relative_humidity,bestest_ce_reporting.weather_odb_c,bestest_ce_reporting.weather_odb_date,bestest_ce_reporting.weather_odb_hr,bestest_ce_reporting.weather_outdoor_humidity_ratio_c,bestest_ce_reporting.weather_outdoor_humidity_ratio_date,bestest_ce_reporting.weather_outdoor_humidity_ratio_hr,bestest_ce_reporting.zone_load_latent,bestest_ce_reporting.zone_load_sensible,bestest_ce_reporting.zone_load_total,standard_report_legacy.total_electricity,standard_report_legacy.total_natural_gas,standard_reports.eui,standard_reports.time_setpoint_not_met_during_occupied_cooling,standard_reports.time_setpoint_not_met_during_occupied_heating,standard_reports.time_setpoint_not_met_during_occupied_hours,standard_reports.total_building_area
LHS Autogenerated 32,014000a1-6869-4685-a082-9f2ae8432011,2016-09-02T19:11:06Z,2016-09-02T19:12:06Z,completed,completed normal,CE410 - Compressor Lockout,tbd,tbd,tbd,tbd,tbd,tbd,tbd,tbd,tbd,tbd,tbd,tbd,tbd,tbd,tbd,tbd,tbd,tbd,tbd,tbd,tbd,tbd,"tbd,tbd,tbd,tbd,tbd,tbd,tbd,tbd,tbd,tbd,tbd,tbd,tbd,tbd,tbd,tbd,tbd,tbd,tbd,tbd,tbd,tbd,tbd,tbd","tbd,tbd,tbd,tbd,tbd,tbd,tbd,tbd,tbd,tbd,tbd,tbd,tbd,tbd,tbd,tbd,tbd,tbd,tbd,tbd,tbd,tbd,tbd,tbd","tbd,tbd,tbd,tbd,tbd,tbd,tbd,tbd,tbd,tbd,tbd,tbd,tbd,tbd,tbd,tbd,tbd,tbd,tbd,tbd,tbd,tbd,tbd,tbd","tbd,tbd,tbd,tbd,tbd,tbd,tbd,tbd,tbd,tbd,tbd,tbd,tbd,tbd,tbd,tbd,tbd,tbd,tbd,tbd,tbd,tbd,tbd,tbd","tbd,tbd,tbd,tbd,tbd,tbd,tbd,tbd,tbd,tbd,tbd,tbd,tbd,tbd,tbd,tbd,tbd,tbd,tbd,tbd,tbd,tbd,tbd,tbd","tbd,tbd,tbd,tbd,tbd,tbd,tbd,tbd,tbd,tbd,tbd,tbd,tbd,tbd,tbd,tbd,tbd,tbd,tbd,tbd,tbd,tbd,tbd,tbd","tbd,tbd,tbd,tbd,tbd,tbd,tbd,tbd,tbd,tbd,tbd,tbd,tbd,tbd,tbd,tbd,tbd,tbd,tbd,tbd,tbd,tbd,tbd,tbd","tbd,tbd,tbd,tbd,tbd,tbd,tbd,tbd,tbd,tbd,tbd,tbd,tbd,tbd,tbd,tbd,tbd,tbd,tbd,tbd,tbd,tbd,tbd,tbd","tbd,tbd,tbd,tbd,tbd,tbd,tbd,tbd,tbd,tbd,tbd,tbd,tbd,tbd,tbd,tbd,tbd,tbd,tbd,tbd,tbd,tbd,tbd,tbd","tbd,tbd,tbd,tbd,tbd,tbd,tbd,tbd,tbd,tbd,tbd,tbd,tbd,tbd,tbd,tbd,tbd,tbd,tbd,tbd,tbd,tbd,tbd,tbd","tbd,tbd,tbd,tbd,tbd,tbd,tbd,tbd,tbd,tbd,tbd,tbd,tbd,tbd,tbd,tbd,tbd,tbd,tbd,tbd,tbd,tbd,tbd,tbd",tbd,tbd,tbd,tbd,tbd,tbd,tbd,tbd,tbd,tbd,tbd,tbd,tbd,,,,,tbd,tbd,tbd,tbd,tbd,tbd,tbd,tbd,tbd,tbd,tbd,tbd,tbd,tbd,tbd,tbd,tbd,tbd,,,,,,,,,,,,,tbd,tbd,tbd,tbd,tbd,tbd,tbd,tbd,tbd,tbd,tbd,tbd,tbd,tbd,tbd,tbd,tbd,tbd,tbd,tbd,tbd,tbd,tbd,tbd,tbd,tbd,tbd,tbd,tbd,tbd,tbd,tbd,tbd,tbd,tbd,,,,709.1326530612245,0.0,62.44274089286657,,,,2109.7264416751054
LHS Autogenerated 15,025cdce7-8b69-459e-8551-7a9c295540db,2016-09-02T19:11:07Z,2016-09-02T19:12:00Z,completed,completed normal,CE190 - Low Part-Load Ratio at Low Sensible Heat Ratio,tbd,tbd,tbd,tbd,tbd,tbd,tbd,tbd,tbd,tbd,tbd,tbd,tbd,tbd,tbd,tbd,tbd,tbd,tbd,tbd,tbd,tbd,"tbd,tbd,tbd,tbd,tbd,tbd,tbd,tbd,tbd,tbd,tbd,tbd,tbd,tbd,tbd,tbd,tbd,tbd,tbd,tbd,tbd,tbd,tbd,tbd","tbd,tbd,tbd,tbd,tbd,tbd,tbd,tbd,tbd,tbd,tbd,tbd,tbd,tbd,tbd,tbd,tbd,tbd,tbd,tbd,tbd,tbd,tbd,tbd","tbd,tbd,tbd,tbd,tbd,tbd,tbd,tbd,tbd,tbd,tbd,tbd,tbd,tbd,tbd,tbd,tbd,tbd,tbd,tbd,tbd,tbd,tbd,tbd","tbd,tbd,tbd,tbd,tbd,tbd,tbd,tbd,tbd,tbd,tbd,tbd,tbd,tbd,tbd,tbd,tbd,tbd,tbd,tbd,tbd,tbd,tbd,tbd","tbd,tbd,tbd,tbd,tbd,tbd,tbd,tbd,tbd,tbd,tbd,tbd,tbd,tbd,tbd,tbd,tbd,tbd,tbd,tbd,tbd,tbd,tbd,tbd","tbd,tbd,tbd,tbd,tbd,tbd,tbd,tbd,tbd,tbd,tbd,tbd,tbd,tbd,tbd,tbd,tbd,tbd,tbd,tbd,tbd,tbd,tbd,tbd","tbd,tbd,tbd,tbd,tbd,tbd,tbd,tbd,tbd,tbd,tbd,tbd,tbd,tbd,tbd,tbd,tbd,tbd,tbd,tbd,tbd,tbd,tbd,tbd","tbd,tbd,tbd,tbd,tbd,tbd,tbd,tbd,tbd,tbd,tbd,tbd,tbd,tbd,tbd,tbd,tbd,tbd,tbd,tbd,tbd,tbd,tbd,tbd","tbd,tbd,tbd,tbd,tbd,tbd,tbd,tbd,tbd,tbd,tbd,tbd,tbd,tbd,tbd,tbd,tbd,tbd,tbd,tbd,tbd,tbd,tbd,tbd","tbd,tbd,tbd,tbd,tbd,tbd,tbd,tbd,tbd,tbd,tbd,tbd,tbd,tbd,tbd,tbd,tbd,tbd,tbd,tbd,tbd,tbd,tbd,tbd","tbd,tbd,tbd,tbd,tbd,tbd,tbd,tbd,tbd,tbd,tbd,tbd,tbd,tbd,tbd,tbd,tbd,tbd,tbd,tbd,tbd,tbd,tbd,tbd",tbd,tbd,tbd,tbd,tbd,tbd,tbd,tbd,tbd,tbd,tbd,tbd,tbd,555.4079377626704,863.0155231229128,tbd,1418.4234608855818,tbd,tbd,tbd,tbd,tbd,tbd,tbd,tbd,tbd,tbd,tbd,tbd,tbd,tbd,tbd,tbd,tbd,tbd,4818.0452409636955,1057.370963075013,1440.171349284863,tbd,tbd,tbd,tbd,tbd,tbd,tbd,tbd,tbd,tbd,tbd,tbd,tbd,tbd,tbd,tbd,tbd,tbd,tbd,tbd,tbd,tbd,tbd,tbd,tbd,tbd,tbd,tbd,tbd,tbd,tbd,tbd,tbd,tbd,tbd,tbd,tbd,tbd,tbd,tbd,tbd,tbd,tbd,tbd,382.76675808133956,2445.7312257329468,7263.353366681496,1339.1666666666667,0.0,117.92044382394396,,,,516.6677000020667
LHS Autogenerated 31,026556b1-876c-456a-91fd-340caaf07a98,2016-09-02T19:11:07Z,2016-09-02T19:12:07Z,completed,completed normal,CE510 - High PLR,tbd,tbd,tbd,tbd,tbd,tbd,tbd,tbd,tbd,tbd,tbd,tbd,tbd,tbd,tbd,tbd,tbd,tbd,tbd,tbd,tbd,tbd,"tbd,tbd,tbd,tbd,tbd,tbd,tbd,tbd,tbd,tbd,tbd,tbd,tbd,tbd,tbd,tbd,tbd,tbd,tbd,tbd,tbd,tbd,tbd,tbd","tbd,tbd,tbd,tbd,tbd,tbd,tbd,tbd,tbd,tbd,tbd,tbd,tbd,tbd,tbd,tbd,tbd,tbd,tbd,tbd,tbd,tbd,tbd,tbd","tbd,tbd,tbd,tbd,tbd,tbd,tbd,tbd,tbd,tbd,tbd,tbd,tbd,tbd,tbd,tbd,tbd,tbd,tbd,tbd,tbd,tbd,tbd,tbd","tbd,tbd,tbd,tbd,tbd,tbd,tbd,tbd,tbd,tbd,tbd,tbd,tbd,tbd,tbd,tbd,tbd,tbd,tbd,tbd,tbd,tbd,tbd,tbd","tbd,tbd,tbd,tbd,tbd,tbd,tbd,tbd,tbd,tbd,tbd,tbd,tbd,tbd,tbd,tbd,tbd,tbd,tbd,tbd,tbd,tbd,tbd,tbd","tbd,tbd,tbd,tbd,tbd,tbd,tbd,tbd,tbd,tbd,tbd,tbd,tbd,tbd,tbd,tbd,tbd,tbd,tbd,tbd,tbd,tbd,tbd,tbd","tbd,tbd,tbd,tbd,tbd,tbd,tbd,tbd,tbd,tbd,tbd,tbd,tbd,tbd,tbd,tbd,tbd,tbd,tbd,tbd,tbd,tbd,tbd,tbd","tbd,tbd,tbd,tbd,tbd,tbd,tbd,tbd,tbd,tbd,tbd,tbd,tbd,tbd,tbd,tbd,tbd,tbd,tbd,tbd,tbd,tbd,tbd,tbd","tbd,tbd,tbd,tbd,tbd,tbd,tbd,tbd,tbd,tbd,tbd,tbd,tbd,tbd,tbd,tbd,tbd,tbd,tbd,tbd,tbd,tbd,tbd,tbd","tbd,tbd,tbd,tbd,tbd,tbd,tbd,tbd,tbd,tbd,tbd,tbd,tbd,tbd,tbd,tbd,tbd,tbd,tbd,tbd,tbd,tbd,tbd,tbd","tbd,tbd,tbd,tbd,tbd,tbd,tbd,tbd,tbd,tbd,tbd,tbd,tbd,tbd,tbd,tbd,tbd,tbd,tbd,tbd,tbd,tbd,tbd,tbd",tbd,tbd,tbd,tbd,tbd,tbd,tbd,tbd,tbd,tbd,tbd,tbd,tbd,,,,,tbd,tbd,tbd,tbd,tbd,tbd,tbd,tbd,tbd,tbd,tbd,tbd,tbd,tbd,tbd,tbd,tbd,tbd,,,,,,,,,,,,,tbd,tbd,tbd,tbd,tbd,tbd,tbd,tbd,tbd,tbd,tbd,tbd,tbd,tbd,tbd,tbd,tbd,tbd,tbd,tbd,tbd,tbd,tbd,tbd,tbd,tbd,tbd,tbd,tbd,tbd,tbd,tbd,tbd,tbd,tbd,,,,930.6122448979592,0.0,81.9451466929913,,,,2109.7264416751054
LHS Autogenerated 8,11b60082-6c7f-4c1f-bde0-146796c5d635,2016-09-02T19:12:03Z,2016-09-02T19:12:51Z,completed,completed normal,CE150 - Latent Load at High Sensible Heat Ratio,tbd,tbd,tbd,tbd,tbd,tbd,tbd,tbd,tbd,tbd,tbd,tbd,tbd,tbd,tbd,tbd,tbd,tbd,tbd,tbd,tbd,tbd,"tbd,tbd,tbd,tbd,tbd,tbd,tbd,tbd,tbd,tbd,tbd,tbd,tbd,tbd,tbd,tbd,tbd,tbd,tbd,tbd,tbd,tbd,tbd,tbd","tbd,tbd,tbd,tbd,tbd,tbd,tbd,tbd,tbd,tbd,tbd,tbd,tbd,tbd,tbd,tbd,tbd,tbd,tbd,tbd,tbd,tbd,tbd,tbd","tbd,tbd,tbd,tbd,tbd,tbd,tbd,tbd,tbd,tbd,tbd,tbd,tbd,tbd,tbd,tbd,tbd,tbd,tbd,tbd,tbd,tbd,tbd,tbd","tbd,tbd,tbd,tbd,tbd,tbd,tbd,tbd,tbd,tbd,tbd,tbd,tbd,tbd,tbd,tbd,tbd,tbd,tbd,tbd,tbd,tbd,tbd,tbd","tbd,tbd,tbd,tbd,tbd,tbd,tbd,tbd,tbd,tbd,tbd,tbd,tbd,tbd,tbd,tbd,tbd,tbd,tbd,tbd,tbd,tbd,tbd,tbd","tbd,tbd,tbd,tbd,tbd,tbd,tbd,tbd,tbd,tbd,tbd,tbd,tbd,tbd,tbd,tbd,tbd,tbd,tbd,tbd,tbd,tbd,tbd,tbd","tbd,tbd,tbd,tbd,tbd,tbd,tbd,tbd,tbd,tbd,tbd,tbd,tbd,tbd,tbd,tbd,tbd,tbd,tbd,tbd,tbd,tbd,tbd,tbd","tbd,tbd,tbd,tbd,tbd,tbd,tbd,tbd,tbd,tbd,tbd,tbd,tbd,tbd,tbd,tbd,tbd,tbd,tbd,tbd,tbd,tbd,tbd,tbd","tbd,tbd,tbd,tbd,tbd,tbd,tbd,tbd,tbd,tbd,tbd,tbd,tbd,tbd,tbd,tbd,tbd,tbd,tbd,tbd,tbd,tbd,tbd,tbd","tbd,tbd,tbd,tbd,tbd,tbd,tbd,tbd,tbd,tbd,tbd,tbd,tbd,tbd,tbd,tbd,tbd,tbd,tbd,tbd,tbd,tbd,tbd,tbd","tbd,tbd,tbd,tbd,tbd,tbd,tbd,tbd,tbd,tbd,tbd,tbd,tbd,tbd,tbd,tbd,tbd,tbd,tbd,tbd,tbd,tbd,tbd,tbd",tbd,tbd,tbd,tbd,tbd,tbd,tbd,tbd,tbd,tbd,tbd,tbd,tbd,2017.6705730720093,863.0155231229129,tbd,2880.686096194925,tbd,tbd,tbd,tbd,tbd,tbd,tbd,tbd,tbd,tbd,tbd,tbd,tbd,tbd,tbd,tbd,tbd,tbd,9636.026901488878,4626.582211664584,5392.182412642345,tbd,tbd,tbd,tbd,tbd,tbd,tbd,tbd,tbd,tbd,tbd,tbd,tbd,tbd,tbd,tbd,tbd,tbd,tbd,tbd,tbd,tbd,tbd,tbd,tbd,tbd,tbd,tbd,tbd,tbd,tbd,tbd,tbd,tbd,tbd,tbd,tbd,tbd,tbd,tbd,tbd,tbd,tbd,tbd,764.2938673171699,47384.57968006368,57004.1652205874,2719.791666666667,0.0,239.49150499713576,,,,516.6677000020667
LHS Autogenerated 7,159218ec-b223-4c35-8fde-870b46c57868,2016-09-02T19:12:06Z,2016-09-02T19:12:57Z,completed,completed normal,CE350 - Thermostat Set Up,tbd,tbd,tbd,tbd,tbd,tbd,tbd,tbd,tbd,tbd,tbd,tbd,tbd,tbd,tbd,tbd,tbd,tbd,tbd,tbd,tbd,tbd,"tbd,tbd,tbd,tbd,tbd,tbd,tbd,tbd,tbd,tbd,tbd,tbd,tbd,tbd,tbd,tbd,tbd,tbd,tbd,tbd,tbd,tbd,tbd,tbd","tbd,tbd,tbd,tbd,tbd,tbd,tbd,tbd,tbd,tbd,tbd,tbd,tbd,tbd,tbd,tbd,tbd,tbd,tbd,tbd,tbd,tbd,tbd,tbd","tbd,tbd,tbd,tbd,tbd,tbd,tbd,tbd,tbd,tbd,tbd,tbd,tbd,tbd,tbd,tbd,tbd,tbd,tbd,tbd,tbd,tbd,tbd,tbd","tbd,tbd,tbd,tbd,tbd,tbd,tbd,tbd,tbd,tbd,tbd,tbd,tbd,tbd,tbd,tbd,tbd,tbd,tbd,tbd,tbd,tbd,tbd,tbd","tbd,tbd,tbd,tbd,tbd,tbd,tbd,tbd,tbd,tbd,tbd,tbd,tbd,tbd,tbd,tbd,tbd,tbd,tbd,tbd,tbd,tbd,tbd,tbd","tbd,tbd,tbd,tbd,tbd,tbd,tbd,tbd,tbd,tbd,tbd,tbd,tbd,tbd,tbd,tbd,tbd,tbd,tbd,tbd,tbd,tbd,tbd,tbd","tbd,tbd,tbd,tbd,tbd,tbd,tbd,tbd,tbd,tbd,tbd,tbd,tbd,tbd,tbd,tbd,tbd,tbd,tbd,tbd,tbd,tbd,tbd,tbd","tbd,tbd,tbd,tbd,tbd,tbd,tbd,tbd,tbd,tbd,tbd,tbd,tbd,tbd,tbd,tbd,tbd,tbd,tbd,tbd,tbd,tbd,tbd,tbd","tbd,tbd,tbd,tbd,tbd,tbd,tbd,tbd,tbd,tbd,tbd,tbd,tbd,tbd,tbd,tbd,tbd,tbd,tbd,tbd,tbd,tbd,tbd,tbd","tbd,tbd,tbd,tbd,tbd,tbd,tbd,tbd,tbd,tbd,tbd,tbd,tbd,tbd,tbd,tbd,tbd,tbd,tbd,tbd,tbd,tbd,tbd,tbd","tbd,tbd,tbd,tbd,tbd,tbd,tbd,tbd,tbd,tbd,tbd,tbd,tbd,tbd,tbd,tbd,tbd,tbd,tbd,tbd,tbd,tbd,tbd,tbd",tbd,tbd,tbd,tbd,tbd,tbd,tbd,tbd,tbd,tbd,tbd,tbd,tbd,,,,,tbd,tbd,tbd,tbd,tbd,tbd,tbd,tbd,tbd,tbd,tbd,tbd,tbd,tbd,tbd,tbd,tbd,tbd,,,,,,,,,,,,,tbd,tbd,tbd,tbd,tbd,tbd,tbd,tbd,tbd,tbd,tbd,tbd,tbd,tbd,tbd,tbd,tbd,tbd,tbd,tbd,tbd,tbd,tbd,tbd,tbd,tbd,tbd,tbd,tbd,tbd,tbd,tbd,tbd,tbd,tbd,,,,589.3877551020408,0.0,51.89859290556116,,,,2109.7264416751054
LHS Autogenerated 21,1fa89ce1-7722-43c6-b096-39fbfc7f8aca,2016-09-02T19:11:06Z,2016-09-02T19:12:01Z,completed,completed normal,"CE545 - Dry Coil, High EDB",tbd,tbd,tbd,tbd,tbd,tbd,tbd,tbd,tbd,tbd,tbd,tbd,tbd,tbd,tbd,tbd,tbd,tbd,tbd,tbd,tbd,tbd,"tbd,tbd,tbd,tbd,tbd,tbd,tbd,tbd,tbd,tbd,tbd,tbd,tbd,tbd,tbd,tbd,tbd,tbd,tbd,tbd,tbd,tbd,tbd,tbd","tbd,tbd,tbd,tbd,tbd,tbd,tbd,tbd,tbd,tbd,tbd,tbd,tbd,tbd,tbd,tbd,tbd,tbd,tbd,tbd,tbd,tbd,tbd,tbd","tbd,tbd,tbd,tbd,tbd,tbd,tbd,tbd,tbd,tbd,tbd,tbd,tbd,tbd,tbd,tbd,tbd,tbd,tbd,tbd,tbd,tbd,tbd,tbd","tbd,tbd,tbd,tbd,tbd,tbd,tbd,tbd,tbd,tbd,tbd,tbd,tbd,tbd,tbd,tbd,tbd,tbd,tbd,tbd,tbd,tbd,tbd,tbd","tbd,tbd,tbd,tbd,tbd,tbd,tbd,tbd,tbd,tbd,tbd,tbd,tbd,tbd,tbd,tbd,tbd,tbd,tbd,tbd,tbd,tbd,tbd,tbd","tbd,tbd,tbd,tbd,tbd,tbd,tbd,tbd,tbd,tbd,tbd,tbd,tbd,tbd,tbd,tbd,tbd,tbd,tbd,tbd,tbd,tbd,tbd,tbd","tbd,tbd,tbd,tbd,tbd,tbd,tbd,tbd,tbd,tbd,tbd,tbd,tbd,tbd,tbd,tbd,tbd,tbd,tbd,tbd,tbd,tbd,tbd,tbd","tbd,tbd,tbd,tbd,tbd,tbd,tbd,tbd,tbd,tbd,tbd,tbd,tbd,tbd,tbd,tbd,tbd,tbd,tbd,tbd,tbd,tbd,tbd,tbd","tbd,tbd,tbd,tbd,tbd,tbd,tbd,tbd,tbd,tbd,tbd,tbd,tbd,tbd,tbd,tbd,tbd,tbd,tbd,tbd,tbd,tbd,tbd,tbd","tbd,tbd,tbd,tbd,tbd,tbd,tbd,tbd,tbd,tbd,tbd,tbd,tbd,tbd,tbd,tbd,tbd,tbd,tbd,tbd,tbd,tbd,tbd,tbd","tbd,tbd,tbd,tbd,tbd,tbd,tbd,tbd,tbd,tbd,tbd,tbd,tbd,tbd,tbd,tbd,tbd,tbd,tbd,tbd,tbd,tbd,tbd,tbd",tbd,tbd,tbd,tbd,tbd,tbd,tbd,tbd,tbd,tbd,tbd,tbd,tbd,,,,,tbd,tbd,tbd,tbd,tbd,tbd,tbd,tbd,tbd,tbd,tbd,tbd,tbd,tbd,tbd,tbd,tbd,tbd,,,,,,,,,,,,,tbd,tbd,tbd,tbd,tbd,tbd,tbd,tbd,tbd,tbd,tbd,tbd,tbd,tbd,tbd,tbd,tbd,tbd,tbd,tbd,tbd,tbd,tbd,tbd,tbd,tbd,tbd,tbd,tbd,tbd,tbd,tbd,tbd,tbd,tbd,,,,521.530612244898,0.0,45.92342595919721,,,,2109.7264416751054
LHS Autogenerated 2,2739bff3-f575-4515-82b5-eb0109ef011f,2016-09-02T19:12:07Z,2016-09-02T19:13:06Z,completed,completed normal,CE430 - Enthalpy Control,tbd,tbd,tbd,tbd,tbd,tbd,tbd,tbd,tbd,tbd,tbd,tbd,tbd,tbd,tbd,tbd,tbd,tbd,tbd,tbd,tbd,tbd,"tbd,tbd,tbd,tbd,tbd,tbd,tbd,tbd,tbd,tbd,tbd,tbd,tbd,tbd,tbd,tbd,tbd,tbd,tbd,tbd,tbd,tbd,tbd,tbd","tbd,tbd,tbd,tbd,tbd,tbd,tbd,tbd,tbd,tbd,tbd,tbd,tbd,tbd,tbd,tbd,tbd,tbd,tbd,tbd,tbd,tbd,tbd,tbd","tbd,tbd,tbd,tbd,tbd,tbd,tbd,tbd,tbd,tbd,tbd,tbd,tbd,tbd,tbd,tbd,tbd,tbd,tbd,tbd,tbd,tbd,tbd,tbd","tbd,tbd,tbd,tbd,tbd,tbd,tbd,tbd,tbd,tbd,tbd,tbd,tbd,tbd,tbd,tbd,tbd,tbd,tbd,tbd,tbd,tbd,tbd,tbd","tbd,tbd,tbd,tbd,tbd,tbd,tbd,tbd,tbd,tbd,tbd,tbd,tbd,tbd,tbd,tbd,tbd,tbd,tbd,tbd,tbd,tbd,tbd,tbd","tbd,tbd,tbd,tbd,tbd,tbd,tbd,tbd,tbd,tbd,tbd,tbd,tbd,tbd,tbd,tbd,tbd,tbd,tbd,tbd,tbd,tbd,tbd,tbd","tbd,tbd,tbd,tbd,tbd,tbd,tbd,tbd,tbd,tbd,tbd,tbd,tbd,tbd,tbd,tbd,tbd,tbd,tbd,tbd,tbd,tbd,tbd,tbd","tbd,tbd,tbd,tbd,tbd,tbd,tbd,tbd,tbd,tbd,tbd,tbd,tbd,tbd,tbd,tbd,tbd,tbd,tbd,tbd,tbd,tbd,tbd,tbd","tbd,tbd,tbd,tbd,tbd,tbd,tbd,tbd,tbd,tbd,tbd,tbd,tbd,tbd,tbd,tbd,tbd,tbd,tbd,tbd,tbd,tbd,tbd,tbd","tbd,tbd,tbd,tbd,tbd,tbd,tbd,tbd,tbd,tbd,tbd,tbd,tbd,tbd,tbd,tbd,tbd,tbd,tbd,tbd,tbd,tbd,tbd,tbd","tbd,tbd,tbd,tbd,tbd,tbd,tbd,tbd,tbd,tbd,tbd,tbd,tbd,tbd,tbd,tbd,tbd,tbd,tbd,tbd,tbd,tbd,tbd,tbd",tbd,tbd,tbd,tbd,tbd,tbd,tbd,tbd,tbd,tbd,tbd,tbd,tbd,,,,,tbd,tbd,tbd,tbd,tbd,tbd,tbd,tbd,tbd,tbd,tbd,tbd,tbd,tbd,tbd,tbd,tbd,tbd,,,,,,,,,,,,,tbd,tbd,tbd,tbd,tbd,tbd,tbd,tbd,tbd,tbd,tbd,tbd,tbd,tbd,tbd,tbd,tbd,tbd,tbd,tbd,tbd,tbd,tbd,tbd,tbd,tbd,tbd,tbd,tbd,tbd,tbd,tbd,tbd,tbd,tbd,,,,709.1326530612245,0.0,62.44274089286657,,,,2109.7264416751054
LHS Autogenerated 10,354379bf-b2cc-4589-8941-682eee163166,2016-09-02T19:12:05Z,2016-09-02T19:12:56Z,completed,completed normal,CE330 - Outside Air,tbd,tbd,tbd,tbd,tbd,tbd,tbd,tbd,tbd,tbd,tbd,tbd,tbd,tbd,tbd,tbd,tbd,tbd,tbd,tbd,tbd,tbd,"tbd,tbd,tbd,tbd,tbd,tbd,tbd,tbd,tbd,tbd,tbd,tbd,tbd,tbd,tbd,tbd,tbd,tbd,tbd,tbd,tbd,tbd,tbd,tbd","tbd,tbd,tbd,tbd,tbd,tbd,tbd,tbd,tbd,tbd,tbd,tbd,tbd,tbd,tbd,tbd,tbd,tbd,tbd,tbd,tbd,tbd,tbd,tbd","tbd,tbd,tbd,tbd,tbd,tbd,tbd,tbd,tbd,tbd,tbd,tbd,tbd,tbd,tbd,tbd,tbd,tbd,tbd,tbd,tbd,tbd,tbd,tbd","tbd,tbd,tbd,tbd,tbd,tbd,tbd,tbd,tbd,tbd,tbd,tbd,tbd,tbd,tbd,tbd,tbd,tbd,tbd,tbd,tbd,tbd,tbd,tbd","tbd,tbd,tbd,tbd,tbd,tbd,tbd,tbd,tbd,tbd,tbd,tbd,tbd,tbd,tbd,tbd,tbd,tbd,tbd,tbd,tbd,tbd,tbd,tbd","tbd,tbd,tbd,tbd,tbd,tbd,tbd,tbd,tbd,tbd,tbd,tbd,tbd,tbd,tbd,tbd,tbd,tbd,tbd,tbd,tbd,tbd,tbd,tbd","tbd,tbd,tbd,tbd,tbd,tbd,tbd,tbd,tbd,tbd,tbd,tbd,tbd,tbd,tbd,tbd,tbd,tbd,tbd,tbd,tbd,tbd,tbd,tbd","tbd,tbd,tbd,tbd,tbd,tbd,tbd,tbd,tbd,tbd,tbd,tbd,tbd,tbd,tbd,tbd,tbd,tbd,tbd,tbd,tbd,tbd,tbd,tbd","tbd,tbd,tbd,tbd,tbd,tbd,tbd,tbd,tbd,tbd,tbd,tbd,tbd,tbd,tbd,tbd,tbd,tbd,tbd,tbd,tbd,tbd,tbd,tbd","tbd,tbd,tbd,tbd,tbd,tbd,tbd,tbd,tbd,tbd,tbd,tbd,tbd,tbd,tbd,tbd,tbd,tbd,tbd,tbd,tbd,tbd,tbd,tbd","tbd,tbd,tbd,tbd,tbd,tbd,tbd,tbd,tbd,tbd,tbd,tbd,tbd,tbd,tbd,tbd,tbd,tbd,tbd,tbd,tbd,tbd,tbd,tbd",tbd,tbd,tbd,tbd,tbd,tbd,tbd,tbd,tbd,tbd,tbd,tbd,tbd,,,,,tbd,tbd,tbd,tbd,tbd,tbd,tbd,tbd,tbd,tbd,tbd,tbd,tbd,tbd,tbd,tbd,tbd,tbd,,,,,,,,,,,,,tbd,tbd,tbd,tbd,tbd,tbd,tbd,tbd,tbd,tbd,tbd,tbd,tbd,tbd,tbd,tbd,tbd,tbd,tbd,tbd,tbd,tbd,tbd,tbd,tbd,tbd,tbd,tbd,tbd,tbd,tbd,tbd,tbd,tbd,tbd,,,,709.1326530612245,0.0,62.44274089286657,,,,2109.7264416751054
LHS Autogenerated 29,39766a30-8582-4a42-afa2-a22f0f18b2ec,2016-09-02T19:11:06Z,2016-09-02T19:11:56Z,completed,completed normal,CE200 - Full-Load Test at AHRI Conditions,tbd,tbd,tbd,tbd,tbd,tbd,tbd,tbd,tbd,tbd,tbd,tbd,tbd,tbd,tbd,tbd,tbd,tbd,tbd,tbd,tbd,tbd,"tbd,tbd,tbd,tbd,tbd,tbd,tbd,tbd,tbd,tbd,tbd,tbd,tbd,tbd,tbd,tbd,tbd,tbd,tbd,tbd,tbd,tbd,tbd,tbd","tbd,tbd,tbd,tbd,tbd,tbd,tbd,tbd,tbd,tbd,tbd,tbd,tbd,tbd,tbd,tbd,tbd,tbd,tbd,tbd,tbd,tbd,tbd,tbd","tbd,tbd,tbd,tbd,tbd,tbd,tbd,tbd,tbd,tbd,tbd,tbd,tbd,tbd,tbd,tbd,tbd,tbd,tbd,tbd,tbd,tbd,tbd,tbd","tbd,tbd,tbd,tbd,tbd,tbd,tbd,tbd,tbd,tbd,tbd,tbd,tbd,tbd,tbd,tbd,tbd,tbd,tbd,tbd,tbd,tbd,tbd,tbd","tbd,tbd,tbd,tbd,tbd,tbd,tbd,tbd,tbd,tbd,tbd,tbd,tbd,tbd,tbd,tbd,tbd,tbd,tbd,tbd,tbd,tbd,tbd,tbd","tbd,tbd,tbd,tbd,tbd,tbd,tbd,tbd,tbd,tbd,tbd,tbd,tbd,tbd,tbd,tbd,tbd,tbd,tbd,tbd,tbd,tbd,tbd,tbd","tbd,tbd,tbd,tbd,tbd,tbd,tbd,tbd,tbd,tbd,tbd,tbd,tbd,tbd,tbd,tbd,tbd,tbd,tbd,tbd,tbd,tbd,tbd,tbd","tbd,tbd,tbd,tbd,tbd,tbd,tbd,tbd,tbd,tbd,tbd,tbd,tbd,tbd,tbd,tbd,tbd,tbd,tbd,tbd,tbd,tbd,tbd,tbd","tbd,tbd,tbd,tbd,tbd,tbd,tbd,tbd,tbd,tbd,tbd,tbd,tbd,tbd,tbd,tbd,tbd,tbd,tbd,tbd,tbd,tbd,tbd,tbd","tbd,tbd,tbd,tbd,tbd,tbd,tbd,tbd,tbd,tbd,tbd,tbd,tbd,tbd,tbd,tbd,tbd,tbd,tbd,tbd,tbd,tbd,tbd,tbd","tbd,tbd,tbd,tbd,tbd,tbd,tbd,tbd,tbd,tbd,tbd,tbd,tbd,tbd,tbd,tbd,tbd,tbd,tbd,tbd,tbd,tbd,tbd,tbd",tbd,tbd,tbd,tbd,tbd,tbd,tbd,tbd,tbd,tbd,tbd,tbd,tbd,2517.050670332027,863.0155231229129,tbd,3380.0661934549385,tbd,tbd,tbd,tbd,tbd,tbd,tbd,tbd,tbd,tbd,tbd,tbd,tbd,tbd,tbd,tbd,tbd,tbd,15916.956939788019,5127.541367608709,6392.17364763985,tbd,tbd,tbd,tbd,tbd,tbd,tbd,tbd,tbd,tbd,tbd,tbd,tbd,tbd,tbd,tbd,tbd,tbd,tbd,tbd,tbd,tbd,tbd,tbd,tbd,tbd,tbd,tbd,tbd,tbd,tbd,tbd,tbd,tbd,tbd,tbd,tbd,tbd,tbd,tbd,tbd,tbd,tbd,tbd,1262.208200566115,53703.10152519662,69589.54977265249,3191.25,0.0,281.0058118380793,,,,516.6677000020667
LHS Autogenerated 14,440ec497-5300-4eeb-969b-abd145a67e3b,2016-09-02T19:11:07Z,2016-09-02T19:11:59Z,completed,completed normal,CE110 - Reduced Outdoor Dry-Bulb Temperature,tbd,tbd,tbd,tbd,tbd,tbd,tbd,tbd,tbd,tbd,tbd,tbd,tbd,tbd,tbd,tbd,tbd,tbd,tbd,tbd,tbd,tbd,"tbd,tbd,tbd,tbd,tbd,tbd,tbd,tbd,tbd,tbd,tbd,tbd,tbd,tbd,tbd,tbd,tbd,tbd,tbd,tbd,tbd,tbd,tbd,tbd","tbd,tbd,tbd,tbd,tbd,tbd,tbd,tbd,tbd,tbd,tbd,tbd,tbd,tbd,tbd,tbd,tbd,tbd,tbd,tbd,tbd,tbd,tbd,tbd","tbd,tbd,tbd,tbd,tbd,tbd,tbd,tbd,tbd,tbd,tbd,tbd,tbd,tbd,tbd,tbd,tbd,tbd,tbd,tbd,tbd,tbd,tbd,tbd","tbd,tbd,tbd,tbd,tbd,tbd,tbd,tbd,tbd,tbd,tbd,tbd,tbd,tbd,tbd,tbd,tbd,tbd,tbd,tbd,tbd,tbd,tbd,tbd","tbd,tbd,tbd,tbd,tbd,tbd,tbd,tbd,tbd,tbd,tbd,tbd,tbd,tbd,tbd,tbd,tbd,tbd,tbd,tbd,tbd,tbd,tbd,tbd","tbd,tbd,tbd,tbd,tbd,tbd,tbd,tbd,tbd,tbd,tbd,tbd,tbd,tbd,tbd,tbd,tbd,tbd,tbd,tbd,tbd,tbd,tbd,tbd","tbd,tbd,tbd,tbd,tbd,tbd,tbd,tbd,tbd,tbd,tbd,tbd,tbd,tbd,tbd,tbd,tbd,tbd,tbd,tbd,tbd,tbd,tbd,tbd","tbd,tbd,tbd,tbd,tbd,tbd,tbd,tbd,tbd,tbd,tbd,tbd,tbd,tbd,tbd,tbd,tbd,tbd,tbd,tbd,tbd,tbd,tbd,tbd","tbd,tbd,tbd,tbd,tbd,tbd,tbd,tbd,tbd,tbd,tbd,tbd,tbd,tbd,tbd,tbd,tbd,tbd,tbd,tbd,tbd,tbd,tbd,tbd","tbd,tbd,tbd,tbd,tbd,tbd,tbd,tbd,tbd,tbd,tbd,tbd,tbd,tbd,tbd,tbd,tbd,tbd,tbd,tbd,tbd,tbd,tbd,tbd","tbd,tbd,tbd,tbd,tbd,tbd,tbd,tbd,tbd,tbd,tbd,tbd,tbd,tbd,tbd,tbd,tbd,tbd,tbd,tbd,tbd,tbd,tbd,tbd",tbd,tbd,tbd,tbd,tbd,tbd,tbd,tbd,tbd,tbd,tbd,tbd,tbd,1787.303309787646,863.0155231229129,tbd,2650.3188329105574,tbd,tbd,tbd,tbd,tbd,tbd,tbd,tbd,tbd,tbd,tbd,tbd,tbd,tbd,tbd,tbd,tbd,tbd,0.09081266140098829,4627.884490920382,4627.884490920383,tbd,tbd,tbd,tbd,tbd,tbd,tbd,tbd,tbd,tbd,tbd,tbd,tbd,tbd,tbd,tbd,tbd,tbd,tbd,tbd,tbd,tbd,tbd,tbd,tbd,tbd,tbd,tbd,tbd,tbd,tbd,tbd,tbd,tbd,tbd,tbd,tbd,tbd,tbd,tbd,tbd,tbd,tbd,tbd,1.0001410070496294e-12,47384.5297620553,47384.62041931523,2502.2916666666665,0.0,220.339522521685,,,,516.6677000020667
LHS Autogenerated 16,56a244f3-7f13-448b-8fb1-be9734a7b282,2016-09-02T19:11:07Z,2016-09-02T19:12:07Z,completed,completed normal,CE530 - Dry Coil,tbd,tbd,tbd,tbd,tbd,tbd,tbd,tbd,tbd,tbd,tbd,tbd,tbd,tbd,tbd,tbd,tbd,tbd,tbd,tbd,tbd,tbd,"tbd,tbd,tbd,tbd,tbd,tbd,tbd,tbd,tbd,tbd,tbd,tbd,tbd,tbd,tbd,tbd,tbd,tbd,tbd,tbd,tbd,tbd,tbd,tbd","tbd,tbd,tbd,tbd,tbd,tbd,tbd,tbd,tbd,tbd,tbd,tbd,tbd,tbd,tbd,tbd,tbd,tbd,tbd,tbd,tbd,tbd,tbd,tbd","tbd,tbd,tbd,tbd,tbd,tbd,tbd,tbd,tbd,tbd,tbd,tbd,tbd,tbd,tbd,tbd,tbd,tbd,tbd,tbd,tbd,tbd,tbd,tbd","tbd,tbd,tbd,tbd,tbd,tbd,tbd,tbd,tbd,tbd,tbd,tbd,tbd,tbd,tbd,tbd,tbd,tbd,tbd,tbd,tbd,tbd,tbd,tbd","tbd,tbd,tbd,tbd,tbd,tbd,tbd,tbd,tbd,tbd,tbd,tbd,tbd,tbd,tbd,tbd,tbd,tbd,tbd,tbd,tbd,tbd,tbd,tbd","tbd,tbd,tbd,tbd,tbd,tbd,tbd,tbd,tbd,tbd,tbd,tbd,tbd,tbd,tbd,tbd,tbd,tbd,tbd,tbd,tbd,tbd,tbd,tbd","tbd,tbd,tbd,tbd,tbd,tbd,tbd,tbd,tbd,tbd,tbd,tbd,tbd,tbd,tbd,tbd,tbd,tbd,tbd,tbd,tbd,tbd,tbd,tbd","tbd,tbd,tbd,tbd,tbd,tbd,tbd,tbd,tbd,tbd,tbd,tbd,tbd,tbd,tbd,tbd,tbd,tbd,tbd,tbd,tbd,tbd,tbd,tbd","tbd,tbd,tbd,tbd,tbd,tbd,tbd,tbd,tbd,tbd,tbd,tbd,tbd,tbd,tbd,tbd,tbd,tbd,tbd,tbd,tbd,tbd,tbd,tbd","tbd,tbd,tbd,tbd,tbd,tbd,tbd,tbd,tbd,tbd,tbd,tbd,tbd,tbd,tbd,tbd,tbd,tbd,tbd,tbd,tbd,tbd,tbd,tbd","tbd,tbd,tbd,tbd,tbd,tbd,tbd,tbd,tbd,tbd,tbd,tbd,tbd,tbd,tbd,tbd,tbd,tbd,tbd,tbd,tbd,tbd,tbd,tbd",tbd,tbd,tbd,tbd,tbd,tbd,tbd,tbd,tbd,tbd,tbd,tbd,tbd,,,,,tbd,tbd,tbd,tbd,tbd,tbd,tbd,tbd,tbd,tbd,tbd,tbd,tbd,tbd,tbd,tbd,tbd,tbd,,,,,,,,,,,,,tbd,tbd,tbd,tbd,tbd,tbd,tbd,tbd,tbd,tbd,tbd,tbd,tbd,tbd,tbd,tbd,tbd,tbd,tbd,tbd,tbd,tbd,tbd,tbd,tbd,tbd,tbd,tbd,tbd,tbd,tbd,tbd,tbd,tbd,tbd,,,,544.9489795918367,0.0,47.985532446701754,,,,2109.7264416751054
LHS Autogenerated 11,56ba766c-2817-4613-a78b-652580691d9d,2016-09-02T19:12:01Z,2016-09-02T19:12:59Z,completed,completed normal,CE420 - ODB Limit,tbd,tbd,tbd,tbd,tbd,tbd,tbd,tbd,tbd,tbd,tbd,tbd,tbd,tbd,tbd,tbd,tbd,tbd,tbd,tbd,tbd,tbd,"tbd,tbd,tbd,tbd,tbd,tbd,tbd,tbd,tbd,tbd,tbd,tbd,tbd,tbd,tbd,tbd,tbd,tbd,tbd,tbd,tbd,tbd,tbd,tbd","tbd,tbd,tbd,tbd,tbd,tbd,tbd,tbd,tbd,tbd,tbd,tbd,tbd,tbd,tbd,tbd,tbd,tbd,tbd,tbd,tbd,tbd,tbd,tbd","tbd,tbd,tbd,tbd,tbd,tbd,tbd,tbd,tbd,tbd,tbd,tbd,tbd,tbd,tbd,tbd,tbd,tbd,tbd,tbd,tbd,tbd,tbd,tbd","tbd,tbd,tbd,tbd,tbd,tbd,tbd,tbd,tbd,tbd,tbd,tbd,tbd,tbd,tbd,tbd,tbd,tbd,tbd,tbd,tbd,tbd,tbd,tbd","tbd,tbd,tbd,tbd,tbd,tbd,tbd,tbd,tbd,tbd,tbd,tbd,tbd,tbd,tbd,tbd,tbd,tbd,tbd,tbd,tbd,tbd,tbd,tbd","tbd,tbd,tbd,tbd,tbd,tbd,tbd,tbd,tbd,tbd,tbd,tbd,tbd,tbd,tbd,tbd,tbd,tbd,tbd,tbd,tbd,tbd,tbd,tbd","tbd,tbd,tbd,tbd,tbd,tbd,tbd,tbd,tbd,tbd,tbd,tbd,tbd,tbd,tbd,tbd,tbd,tbd,tbd,tbd,tbd,tbd,tbd,tbd","tbd,tbd,tbd,tbd,tbd,tbd,tbd,tbd,tbd,tbd,tbd,tbd,tbd,tbd,tbd,tbd,tbd,tbd,tbd,tbd,tbd,tbd,tbd,tbd","tbd,tbd,tbd,tbd,tbd,tbd,tbd,tbd,tbd,tbd,tbd,tbd,tbd,tbd,tbd,tbd,tbd,tbd,tbd,tbd,tbd,tbd,tbd,tbd","tbd,tbd,tbd,tbd,tbd,tbd,tbd,tbd,tbd,tbd,tbd,tbd,tbd,tbd,tbd,tbd,tbd,tbd,tbd,tbd,tbd,tbd,tbd,tbd","tbd,tbd,tbd,tbd,tbd,tbd,tbd,tbd,tbd,tbd,tbd,tbd,tbd,tbd,tbd,tbd,tbd,tbd,tbd,tbd,tbd,tbd,tbd,tbd",tbd,tbd,tbd,tbd,tbd,tbd,tbd,tbd,tbd,tbd,tbd,tbd,tbd,,,,,tbd,tbd,tbd,tbd,tbd,tbd,tbd,tbd,tbd,tbd,tbd,tbd,tbd,tbd,tbd,tbd,tbd,tbd,,,,,,,,,,,,,tbd,tbd,tbd,tbd,tbd,tbd,tbd,tbd,tbd,tbd,tbd,tbd,tbd,tbd,tbd,tbd,tbd,tbd,tbd,tbd,tbd,tbd,tbd,tbd,tbd,tbd,tbd,tbd,tbd,tbd,tbd,tbd,tbd,tbd,tbd,,,,709.1326530612245,0.0,62.44274089286657,,,,2109.7264416751054
LHS Autogenerated 3,6686f4b3-9878-4d97-a00a-306926deafc1,2016-09-02T19:12:08Z,2016-09-02T19:13:02Z,completed,completed normal,CE520 - Low EDB 15C,tbd,tbd,tbd,tbd,tbd,tbd,tbd,tbd,tbd,tbd,tbd,tbd,tbd,tbd,tbd,tbd,tbd,tbd,tbd,tbd,tbd,tbd,"tbd,tbd,tbd,tbd,tbd,tbd,tbd,tbd,tbd,tbd,tbd,tbd,tbd,tbd,tbd,tbd,tbd,tbd,tbd,tbd,tbd,tbd,tbd,tbd","tbd,tbd,tbd,tbd,tbd,tbd,tbd,tbd,tbd,tbd,tbd,tbd,tbd,tbd,tbd,tbd,tbd,tbd,tbd,tbd,tbd,tbd,tbd,tbd","tbd,tbd,tbd,tbd,tbd,tbd,tbd,tbd,tbd,tbd,tbd,tbd,tbd,tbd,tbd,tbd,tbd,tbd,tbd,tbd,tbd,tbd,tbd,tbd","tbd,tbd,tbd,tbd,tbd,tbd,tbd,tbd,tbd,tbd,tbd,tbd,tbd,tbd,tbd,tbd,tbd,tbd,tbd,tbd,tbd,tbd,tbd,tbd","tbd,tbd,tbd,tbd,tbd,tbd,tbd,tbd,tbd,tbd,tbd,tbd,tbd,tbd,tbd,tbd,tbd,tbd,tbd,tbd,tbd,tbd,tbd,tbd","tbd,tbd,tbd,tbd,tbd,tbd,tbd,tbd,tbd,tbd,tbd,tbd,tbd,tbd,tbd,tbd,tbd,tbd,tbd,tbd,tbd,tbd,tbd,tbd","tbd,tbd,tbd,tbd,tbd,tbd,tbd,tbd,tbd,tbd,tbd,tbd,tbd,tbd,tbd,tbd,tbd,tbd,tbd,tbd,tbd,tbd,tbd,tbd","tbd,tbd,tbd,tbd,tbd,tbd,tbd,tbd,tbd,tbd,tbd,tbd,tbd,tbd,tbd,tbd,tbd,tbd,tbd,tbd,tbd,tbd,tbd,tbd","tbd,tbd,tbd,tbd,tbd,tbd,tbd,tbd,tbd,tbd,tbd,tbd,tbd,tbd,tbd,tbd,tbd,tbd,tbd,tbd,tbd,tbd,tbd,tbd","tbd,tbd,tbd,tbd,tbd,tbd,tbd,tbd,tbd,tbd,tbd,tbd,tbd,tbd,tbd,tbd,tbd,tbd,tbd,tbd,tbd,tbd,tbd,tbd","tbd,tbd,tbd,tbd,tbd,tbd,tbd,tbd,tbd,tbd,tbd,tbd,tbd,tbd,tbd,tbd,tbd,tbd,tbd,tbd,tbd,tbd,tbd,tbd",tbd,tbd,tbd,tbd,tbd,tbd,tbd,tbd,tbd,tbd,tbd,tbd,tbd,,,,,tbd,tbd,tbd,tbd,tbd,tbd,tbd,tbd,tbd,tbd,tbd,tbd,tbd,tbd,tbd,tbd,tbd,tbd,,,,,,,,,,,,,tbd,tbd,tbd,tbd,tbd,tbd,tbd,tbd,tbd,tbd,tbd,tbd,tbd,tbd,tbd,tbd,tbd,tbd,tbd,tbd,tbd,tbd,tbd,tbd,tbd,tbd,tbd,tbd,tbd,tbd,tbd,tbd,tbd,tbd,tbd,,,,660.9693877551022,0.0,58.20172014296614,,,,2109.7264416751054
LHS Autogenerated 19,694f8758-11bf-4d1b-a790-ec3ad3528d4b,2016-09-02T19:11:07Z,2016-09-02T19:12:10Z,completed,completed normal,CE440 - Outdoor Enthalpy Limit,tbd,tbd,tbd,tbd,tbd,tbd,tbd,tbd,tbd,tbd,tbd,tbd,tbd,tbd,tbd,tbd,tbd,tbd,tbd,tbd,tbd,tbd,"tbd,tbd,tbd,tbd,tbd,tbd,tbd,tbd,tbd,tbd,tbd,tbd,tbd,tbd,tbd,tbd,tbd,tbd,tbd,tbd,tbd,tbd,tbd,tbd","tbd,tbd,tbd,tbd,tbd,tbd,tbd,tbd,tbd,tbd,tbd,tbd,tbd,tbd,tbd,tbd,tbd,tbd,tbd,tbd,tbd,tbd,tbd,tbd","tbd,tbd,tbd,tbd,tbd,tbd,tbd,tbd,tbd,tbd,tbd,tbd,tbd,tbd,tbd,tbd,tbd,tbd,tbd,tbd,tbd,tbd,tbd,tbd","tbd,tbd,tbd,tbd,tbd,tbd,tbd,tbd,tbd,tbd,tbd,tbd,tbd,tbd,tbd,tbd,tbd,tbd,tbd,tbd,tbd,tbd,tbd,tbd","tbd,tbd,tbd,tbd,tbd,tbd,tbd,tbd,tbd,tbd,tbd,tbd,tbd,tbd,tbd,tbd,tbd,tbd,tbd,tbd,tbd,tbd,tbd,tbd","tbd,tbd,tbd,tbd,tbd,tbd,tbd,tbd,tbd,tbd,tbd,tbd,tbd,tbd,tbd,tbd,tbd,tbd,tbd,tbd,tbd,tbd,tbd,tbd","tbd,tbd,tbd,tbd,tbd,tbd,tbd,tbd,tbd,tbd,tbd,tbd,tbd,tbd,tbd,tbd,tbd,tbd,tbd,tbd,tbd,tbd,tbd,tbd","tbd,tbd,tbd,tbd,tbd,tbd,tbd,tbd,tbd,tbd,tbd,tbd,tbd,tbd,tbd,tbd,tbd,tbd,tbd,tbd,tbd,tbd,tbd,tbd","tbd,tbd,tbd,tbd,tbd,tbd,tbd,tbd,tbd,tbd,tbd,tbd,tbd,tbd,tbd,tbd,tbd,tbd,tbd,tbd,tbd,tbd,tbd,tbd","tbd,tbd,tbd,tbd,tbd,tbd,tbd,tbd,tbd,tbd,tbd,tbd,tbd,tbd,tbd,tbd,tbd,tbd,tbd,tbd,tbd,tbd,tbd,tbd","tbd,tbd,tbd,tbd,tbd,tbd,tbd,tbd,tbd,tbd,tbd,tbd,tbd,tbd,tbd,tbd,tbd,tbd,tbd,tbd,tbd,tbd,tbd,tbd",tbd,tbd,tbd,tbd,tbd,tbd,tbd,tbd,tbd,tbd,tbd,tbd,tbd,,,,,tbd,tbd,tbd,tbd,tbd,tbd,tbd,tbd,tbd,tbd,tbd,tbd,tbd,tbd,tbd,tbd,tbd,tbd,,,,,,,,,,,,,tbd,tbd,tbd,tbd,tbd,tbd,tbd,tbd,tbd,tbd,tbd,tbd,tbd,tbd,tbd,tbd,tbd,tbd,tbd,tbd,tbd,tbd,tbd,tbd,tbd,tbd,tbd,tbd,tbd,tbd,tbd,tbd,tbd,tbd,tbd,,,,709.1326530612245,0.0,62.44274089286657,,,,2109.7264416751054
LHS Autogenerated 25,721c94cb-56e8-41d1-b3ad-0616e5bcfe22,2016-09-02T19:11:06Z,2016-09-02T19:11:55Z,completed,completed normal,CE160 - Increased Thermostat Setpoint at High Sensible Heat Ratio,tbd,tbd,tbd,tbd,tbd,tbd,tbd,tbd,tbd,tbd,tbd,tbd,tbd,tbd,tbd,tbd,tbd,tbd,tbd,tbd,tbd,tbd,"tbd,tbd,tbd,tbd,tbd,tbd,tbd,tbd,tbd,tbd,tbd,tbd,tbd,tbd,tbd,tbd,tbd,tbd,tbd,tbd,tbd,tbd,tbd,tbd","tbd,tbd,tbd,tbd,tbd,tbd,tbd,tbd,tbd,tbd,tbd,tbd,tbd,tbd,tbd,tbd,tbd,tbd,tbd,tbd,tbd,tbd,tbd,tbd","tbd,tbd,tbd,tbd,tbd,tbd,tbd,tbd,tbd,tbd,tbd,tbd,tbd,tbd,tbd,tbd,tbd,tbd,tbd,tbd,tbd,tbd,tbd,tbd","tbd,tbd,tbd,tbd,tbd,tbd,tbd,tbd,tbd,tbd,tbd,tbd,tbd,tbd,tbd,tbd,tbd,tbd,tbd,tbd,tbd,tbd,tbd,tbd","tbd,tbd,tbd,tbd,tbd,tbd,tbd,tbd,tbd,tbd,tbd,tbd,tbd,tbd,tbd,tbd,tbd,tbd,tbd,tbd,tbd,tbd,tbd,tbd","tbd,tbd,tbd,tbd,tbd,tbd,tbd,tbd,tbd,tbd,tbd,tbd,tbd,tbd,tbd,tbd,tbd,tbd,tbd,tbd,tbd,tbd,tbd,tbd","tbd,tbd,tbd,tbd,tbd,tbd,tbd,tbd,tbd,tbd,tbd,tbd,tbd,tbd,tbd,tbd,tbd,tbd,tbd,tbd,tbd,tbd,tbd,tbd","tbd,tbd,tbd,tbd,tbd,tbd,tbd,tbd,tbd,tbd,tbd,tbd,tbd,tbd,tbd,tbd,tbd,tbd,tbd,tbd,tbd,tbd,tbd,tbd","tbd,tbd,tbd,tbd,tbd,tbd,tbd,tbd,tbd,tbd,tbd,tbd,tbd,tbd,tbd,tbd,tbd,tbd,tbd,tbd,tbd,tbd,tbd,tbd","tbd,tbd,tbd,tbd,tbd,tbd,tbd,tbd,tbd,tbd,tbd,tbd,tbd,tbd,tbd,tbd,tbd,tbd,tbd,tbd,tbd,tbd,tbd,tbd","tbd,tbd,tbd,tbd,tbd,tbd,tbd,tbd,tbd,tbd,tbd,tbd,tbd,tbd,tbd,tbd,tbd,tbd,tbd,tbd,tbd,tbd,tbd,tbd",tbd,tbd,tbd,tbd,tbd,tbd,tbd,tbd,tbd,tbd,tbd,tbd,tbd,1928.762600107643,863.0155231229129,tbd,2791.778123230559,tbd,tbd,tbd,tbd,tbd,tbd,tbd,tbd,tbd,tbd,tbd,tbd,tbd,tbd,tbd,tbd,tbd,tbd,9636.038243542816,4621.275996898738,5386.8763014954675,tbd,tbd,tbd,tbd,tbd,tbd,tbd,tbd,tbd,tbd,tbd,tbd,tbd,tbd,tbd,tbd,tbd,tbd,tbd,tbd,tbd,tbd,tbd,tbd,tbd,tbd,tbd,tbd,tbd,tbd,tbd,tbd,tbd,tbd,tbd,tbd,tbd,tbd,tbd,tbd,tbd,tbd,tbd,tbd,764.3046163113845,47317.54969087847,56937.28063720828,2635.8333333333335,0.0,232.09854624463892,,,,516.6677000020667
LHS Autogenerated 34,6e1c0e94-c893-48f0-8ef7-4ef78a659145,2016-09-02T19:11:06Z,2016-09-02T19:11:56Z,completed,completed normal,CE185 - Increased Outdoor Dry-Bulb Temperature at Low Sensible Heat Ratio,tbd,tbd,tbd,tbd,tbd,tbd,tbd,tbd,tbd,tbd,tbd,tbd,tbd,tbd,tbd,tbd,tbd,tbd,tbd,tbd,tbd,tbd,"tbd,tbd,tbd,tbd,tbd,tbd,tbd,tbd,tbd,tbd,tbd,tbd,tbd,tbd,tbd,tbd,tbd,tbd,tbd,tbd,tbd,tbd,tbd,tbd","tbd,tbd,tbd,tbd,tbd,tbd,tbd,tbd,tbd,tbd,tbd,tbd,tbd,tbd,tbd,tbd,tbd,tbd,tbd,tbd,tbd,tbd,tbd,tbd","tbd,tbd,tbd,tbd,tbd,tbd,tbd,tbd,tbd,tbd,tbd,tbd,tbd,tbd,tbd,tbd,tbd,tbd,tbd,tbd,tbd,tbd,tbd,tbd","tbd,tbd,tbd,tbd,tbd,tbd,tbd,tbd,tbd,tbd,tbd,tbd,tbd,tbd,tbd,tbd,tbd,tbd,tbd,tbd,tbd,tbd,tbd,tbd","tbd,tbd,tbd,tbd,tbd,tbd,tbd,tbd,tbd,tbd,tbd,tbd,tbd,tbd,tbd,tbd,tbd,tbd,tbd,tbd,tbd,tbd,tbd,tbd","tbd,tbd,tbd,tbd,tbd,tbd,tbd,tbd,tbd,tbd,tbd,tbd,tbd,tbd,tbd,tbd,tbd,tbd,tbd,tbd,tbd,tbd,tbd,tbd","tbd,tbd,tbd,tbd,tbd,tbd,tbd,tbd,tbd,tbd,tbd,tbd,tbd,tbd,tbd,tbd,tbd,tbd,tbd,tbd,tbd,tbd,tbd,tbd","tbd,tbd,tbd,tbd,tbd,tbd,tbd,tbd,tbd,tbd,tbd,tbd,tbd,tbd,tbd,tbd,tbd,tbd,tbd,tbd,tbd,tbd,tbd,tbd","tbd,tbd,tbd,tbd,tbd,tbd,tbd,tbd,tbd,tbd,tbd,tbd,tbd,tbd,tbd,tbd,tbd,tbd,tbd,tbd,tbd,tbd,tbd,tbd","tbd,tbd,tbd,tbd,tbd,tbd,tbd,tbd,tbd,tbd,tbd,tbd,tbd,tbd,tbd,tbd,tbd,tbd,tbd,tbd,tbd,tbd,tbd,tbd","tbd,tbd,tbd,tbd,tbd,tbd,tbd,tbd,tbd,tbd,tbd,tbd,tbd,tbd,tbd,tbd,tbd,tbd,tbd,tbd,tbd,tbd,tbd,tbd",tbd,tbd,tbd,tbd,tbd,tbd,tbd,tbd,tbd,tbd,tbd,tbd,tbd,2654.3959994966535,863.0155231229129,tbd,3517.411522619565,tbd,tbd,tbd,tbd,tbd,tbd,tbd,tbd,tbd,tbd,tbd,tbd,tbd,tbd,tbd,tbd,tbd,tbd,38544.024539481405,2347.7490447616337,5410.149562792793,tbd,tbd,tbd,tbd,tbd,tbd,tbd,tbd,tbd,tbd,tbd,tbd,tbd,tbd,tbd,tbd,tbd,tbd,tbd,tbd,tbd,tbd,tbd,tbd,tbd,tbd,tbd,tbd,tbd,tbd,tbd,tbd,tbd,tbd,tbd,tbd,tbd,tbd,tbd,tbd,tbd,tbd,tbd,tbd,3060.3612243132243,18709.806554593742,57228.16847656623,3320.8333333333335,0.0,292.4162841558287,,,,516.6677000020667
LHS Autogenerated 30,7b2148d0-7765-4203-91ef-91e3264441a1,2016-09-02T19:11:07Z,2016-09-02T19:12:07Z,completed,completed normal,CE310 - High Latent Load,tbd,tbd,tbd,tbd,tbd,tbd,tbd,tbd,tbd,tbd,tbd,tbd,tbd,tbd,tbd,tbd,tbd,tbd,tbd,tbd,tbd,tbd,"tbd,tbd,tbd,tbd,tbd,tbd,tbd,tbd,tbd,tbd,tbd,tbd,tbd,tbd,tbd,tbd,tbd,tbd,tbd,tbd,tbd,tbd,tbd,tbd","tbd,tbd,tbd,tbd,tbd,tbd,tbd,tbd,tbd,tbd,tbd,tbd,tbd,tbd,tbd,tbd,tbd,tbd,tbd,tbd,tbd,tbd,tbd,tbd","tbd,tbd,tbd,tbd,tbd,tbd,tbd,tbd,tbd,tbd,tbd,tbd,tbd,tbd,tbd,tbd,tbd,tbd,tbd,tbd,tbd,tbd,tbd,tbd","tbd,tbd,tbd,tbd,tbd,tbd,tbd,tbd,tbd,tbd,tbd,tbd,tbd,tbd,tbd,tbd,tbd,tbd,tbd,tbd,tbd,tbd,tbd,tbd","tbd,tbd,tbd,tbd,tbd,tbd,tbd,tbd,tbd,tbd,tbd,tbd,tbd,tbd,tbd,tbd,tbd,tbd,tbd,tbd,tbd,tbd,tbd,tbd","tbd,tbd,tbd,tbd,tbd,tbd,tbd,tbd,tbd,tbd,tbd,tbd,tbd,tbd,tbd,tbd,tbd,tbd,tbd,tbd,tbd,tbd,tbd,tbd","tbd,tbd,tbd,tbd,tbd,tbd,tbd,tbd,tbd,tbd,tbd,tbd,tbd,tbd,tbd,tbd,tbd,tbd,tbd,tbd,tbd,tbd,tbd,tbd","tbd,tbd,tbd,tbd,tbd,tbd,tbd,tbd,tbd,tbd,tbd,tbd,tbd,tbd,tbd,tbd,tbd,tbd,tbd,tbd,tbd,tbd,tbd,tbd","tbd,tbd,tbd,tbd,tbd,tbd,tbd,tbd,tbd,tbd,tbd,tbd,tbd,tbd,tbd,tbd,tbd,tbd,tbd,tbd,tbd,tbd,tbd,tbd","tbd,tbd,tbd,tbd,tbd,tbd,tbd,tbd,tbd,tbd,tbd,tbd,tbd,tbd,tbd,tbd,tbd,tbd,tbd,tbd,tbd,tbd,tbd,tbd","tbd,tbd,tbd,tbd,tbd,tbd,tbd,tbd,tbd,tbd,tbd,tbd,tbd,tbd,tbd,tbd,tbd,tbd,tbd,tbd,tbd,tbd,tbd,tbd",tbd,tbd,tbd,tbd,tbd,tbd,tbd,tbd,tbd,tbd,tbd,tbd,tbd,,,,,tbd,tbd,tbd,tbd,tbd,tbd,tbd,tbd,tbd,tbd,tbd,tbd,tbd,tbd,tbd,tbd,tbd,tbd,,,,,,,,,,,,,tbd,tbd,tbd,tbd,tbd,tbd,tbd,tbd,tbd,tbd,tbd,tbd,tbd,tbd,tbd,tbd,tbd,tbd,tbd,tbd,tbd,tbd,tbd,tbd,tbd,tbd,tbd,tbd,tbd,tbd,tbd,tbd,tbd,tbd,tbd,,,,709.1326530612245,0.0,62.44274089286657,,,,2109.7264416751054
LHS Autogenerated 9,94ca7a73-8972-4060-a169-43a2b1d30ac4,2016-09-02T19:12:01Z,2016-09-02T19:12:49Z,completed,completed normal,CE130 - Low Part-Load Ratio,tbd,tbd,tbd,tbd,tbd,tbd,tbd,tbd,tbd,tbd,tbd,tbd,tbd,tbd,tbd,tbd,tbd,tbd,tbd,tbd,tbd,tbd,"tbd,tbd,tbd,tbd,tbd,tbd,tbd,tbd,tbd,tbd,tbd,tbd,tbd,tbd,tbd,tbd,tbd,tbd,tbd,tbd,tbd,tbd,tbd,tbd","tbd,tbd,tbd,tbd,tbd,tbd,tbd,tbd,tbd,tbd,tbd,tbd,tbd,tbd,tbd,tbd,tbd,tbd,tbd,tbd,tbd,tbd,tbd,tbd","tbd,tbd,tbd,tbd,tbd,tbd,tbd,tbd,tbd,tbd,tbd,tbd,tbd,tbd,tbd,tbd,tbd,tbd,tbd,tbd,tbd,tbd,tbd,tbd","tbd,tbd,tbd,tbd,tbd,tbd,tbd,tbd,tbd,tbd,tbd,tbd,tbd,tbd,tbd,tbd,tbd,tbd,tbd,tbd,tbd,tbd,tbd,tbd","tbd,tbd,tbd,tbd,tbd,tbd,tbd,tbd,tbd,tbd,tbd,tbd,tbd,tbd,tbd,tbd,tbd,tbd,tbd,tbd,tbd,tbd,tbd,tbd","tbd,tbd,tbd,tbd,tbd,tbd,tbd,tbd,tbd,tbd,tbd,tbd,tbd,tbd,tbd,tbd,tbd,tbd,tbd,tbd,tbd,tbd,tbd,tbd","tbd,tbd,tbd,tbd,tbd,tbd,tbd,tbd,tbd,tbd,tbd,tbd,tbd,tbd,tbd,tbd,tbd,tbd,tbd,tbd,tbd,tbd,tbd,tbd","tbd,tbd,tbd,tbd,tbd,tbd,tbd,tbd,tbd,tbd,tbd,tbd,tbd,tbd,tbd,tbd,tbd,tbd,tbd,tbd,tbd,tbd,tbd,tbd","tbd,tbd,tbd,tbd,tbd,tbd,tbd,tbd,tbd,tbd,tbd,tbd,tbd,tbd,tbd,tbd,tbd,tbd,tbd,tbd,tbd,tbd,tbd,tbd","tbd,tbd,tbd,tbd,tbd,tbd,tbd,tbd,tbd,tbd,tbd,tbd,tbd,tbd,tbd,tbd,tbd,tbd,tbd,tbd,tbd,tbd,tbd,tbd","tbd,tbd,tbd,tbd,tbd,tbd,tbd,tbd,tbd,tbd,tbd,tbd,tbd,tbd,tbd,tbd,tbd,tbd,tbd,tbd,tbd,tbd,tbd,tbd",tbd,tbd,tbd,tbd,tbd,tbd,tbd,tbd,tbd,tbd,tbd,tbd,tbd,606.0347584641833,863.0155231229129,tbd,1469.050281587095,tbd,tbd,tbd,tbd,tbd,tbd,tbd,tbd,tbd,tbd,tbd,tbd,tbd,tbd,tbd,tbd,tbd,tbd,0.10031155429542565,1076.102664519932,1076.1026645199333,tbd,tbd,tbd,tbd,tbd,tbd,tbd,tbd,tbd,tbd,tbd,tbd,tbd,tbd,tbd,tbd,tbd,tbd,tbd,tbd,tbd,tbd,tbd,tbd,tbd,tbd,tbd,tbd,tbd,tbd,tbd,tbd,tbd,tbd,tbd,tbd,tbd,tbd,tbd,tbd,tbd,tbd,tbd,tbd,1.5272689779521897e-12,2678.937649987527,2679.037951807612,1386.875,0.0,122.12140549719894,,,,516.6677000020667
LHS Autogenerated 22,9caab926-d5b9-47a4-83c0-6481143e96bd,2016-09-02T19:11:07Z,2016-09-02T19:12:07Z,completed,completed normal,"CE540 - Dry Coil, Low EDB",tbd,tbd,tbd,tbd,tbd,tbd,tbd,tbd,tbd,tbd,tbd,tbd,tbd,tbd,tbd,tbd,tbd,tbd,tbd,tbd,tbd,tbd,"tbd,tbd,tbd,tbd,tbd,tbd,tbd,tbd,tbd,tbd,tbd,tbd,tbd,tbd,tbd,tbd,tbd,tbd,tbd,tbd,tbd,tbd,tbd,tbd","tbd,tbd,tbd,tbd,tbd,tbd,tbd,tbd,tbd,tbd,tbd,tbd,tbd,tbd,tbd,tbd,tbd,tbd,tbd,tbd,tbd,tbd,tbd,tbd","tbd,tbd,tbd,tbd,tbd,tbd,tbd,tbd,tbd,tbd,tbd,tbd,tbd,tbd,tbd,tbd,tbd,tbd,tbd,tbd,tbd,tbd,tbd,tbd","tbd,tbd,tbd,tbd,tbd,tbd,tbd,tbd,tbd,tbd,tbd,tbd,tbd,tbd,tbd,tbd,tbd,tbd,tbd,tbd,tbd,tbd,tbd,tbd","tbd,tbd,tbd,tbd,tbd,tbd,tbd,tbd,tbd,tbd,tbd,tbd,tbd,tbd,tbd,tbd,tbd,tbd,tbd,tbd,tbd,tbd,tbd,tbd","tbd,tbd,tbd,tbd,tbd,tbd,tbd,tbd,tbd,tbd,tbd,tbd,tbd,tbd,tbd,tbd,tbd,tbd,tbd,tbd,tbd,tbd,tbd,tbd","tbd,tbd,tbd,tbd,tbd,tbd,tbd,tbd,tbd,tbd,tbd,tbd,tbd,tbd,tbd,tbd,tbd,tbd,tbd,tbd,tbd,tbd,tbd,tbd","tbd,tbd,tbd,tbd,tbd,tbd,tbd,tbd,tbd,tbd,tbd,tbd,tbd,tbd,tbd,tbd,tbd,tbd,tbd,tbd,tbd,tbd,tbd,tbd","tbd,tbd,tbd,tbd,tbd,tbd,tbd,tbd,tbd,tbd,tbd,tbd,tbd,tbd,tbd,tbd,tbd,tbd,tbd,tbd,tbd,tbd,tbd,tbd","tbd,tbd,tbd,tbd,tbd,tbd,tbd,tbd,tbd,tbd,tbd,tbd,tbd,tbd,tbd,tbd,tbd,tbd,tbd,tbd,tbd,tbd,tbd,tbd","tbd,tbd,tbd,tbd,tbd,tbd,tbd,tbd,tbd,tbd,tbd,tbd,tbd,tbd,tbd,tbd,tbd,tbd,tbd,tbd,tbd,tbd,tbd,tbd",tbd,tbd,tbd,tbd,tbd,tbd,tbd,tbd,tbd,tbd,tbd,tbd,tbd,,,,,tbd,tbd,tbd,tbd,tbd,tbd,tbd,tbd,tbd,tbd,tbd,tbd,tbd,tbd,tbd,tbd,tbd,tbd,,,,,,,,,,,,,tbd,tbd,tbd,tbd,tbd,tbd,tbd,tbd,tbd,tbd,tbd,tbd,tbd,tbd,tbd,tbd,tbd,tbd,tbd,tbd,tbd,tbd,tbd,tbd,tbd,tbd,tbd,tbd,tbd,tbd,tbd,tbd,tbd,tbd,tbd,,,,574.9489795918367,0.0,50.627185201936356,,,,2109.7264416751054
LHS Autogenerated 13,add756f5-cd27-46d6-b786-3d2e161cbc70,2016-09-02T19:12:01Z,2016-09-02T19:12:54Z,completed,completed normal,CE340 - Infil/OA Interaction,tbd,tbd,tbd,tbd,tbd,tbd,tbd,tbd,tbd,tbd,tbd,tbd,tbd,tbd,tbd,tbd,tbd,tbd,tbd,tbd,tbd,tbd,"tbd,tbd,tbd,tbd,tbd,tbd,tbd,tbd,tbd,tbd,tbd,tbd,tbd,tbd,tbd,tbd,tbd,tbd,tbd,tbd,tbd,tbd,tbd,tbd","tbd,tbd,tbd,tbd,tbd,tbd,tbd,tbd,tbd,tbd,tbd,tbd,tbd,tbd,tbd,tbd,tbd,tbd,tbd,tbd,tbd,tbd,tbd,tbd","tbd,tbd,tbd,tbd,tbd,tbd,tbd,tbd,tbd,tbd,tbd,tbd,tbd,tbd,tbd,tbd,tbd,tbd,tbd,tbd,tbd,tbd,tbd,tbd","tbd,tbd,tbd,tbd,tbd,tbd,tbd,tbd,tbd,tbd,tbd,tbd,tbd,tbd,tbd,tbd,tbd,tbd,tbd,tbd,tbd,tbd,tbd,tbd","tbd,tbd,tbd,tbd,tbd,tbd,tbd,tbd,tbd,tbd,tbd,tbd,tbd,tbd,tbd,tbd,tbd,tbd,tbd,tbd,tbd,tbd,tbd,tbd","tbd,tbd,tbd,tbd,tbd,tbd,tbd,tbd,tbd,tbd,tbd,tbd,tbd,tbd,tbd,tbd,tbd,tbd,tbd,tbd,tbd,tbd,tbd,tbd","tbd,tbd,tbd,tbd,tbd,tbd,tbd,tbd,tbd,tbd,tbd,tbd,tbd,tbd,tbd,tbd,tbd,tbd,tbd,tbd,tbd,tbd,tbd,tbd","tbd,tbd,tbd,tbd,tbd,tbd,tbd,tbd,tbd,tbd,tbd,tbd,tbd,tbd,tbd,tbd,tbd,tbd,tbd,tbd,tbd,tbd,tbd,tbd","tbd,tbd,tbd,tbd,tbd,tbd,tbd,tbd,tbd,tbd,tbd,tbd,tbd,tbd,tbd,tbd,tbd,tbd,tbd,tbd,tbd,tbd,tbd,tbd","tbd,tbd,tbd,tbd,tbd,tbd,tbd,tbd,tbd,tbd,tbd,tbd,tbd,tbd,tbd,tbd,tbd,tbd,tbd,tbd,tbd,tbd,tbd,tbd","tbd,tbd,tbd,tbd,tbd,tbd,tbd,tbd,tbd,tbd,tbd,tbd,tbd,tbd,tbd,tbd,tbd,tbd,tbd,tbd,tbd,tbd,tbd,tbd",tbd,tbd,tbd,tbd,tbd,tbd,tbd,tbd,tbd,tbd,tbd,tbd,tbd,,,,,tbd,tbd,tbd,tbd,tbd,tbd,tbd,tbd,tbd,tbd,tbd,tbd,tbd,tbd,tbd,tbd,tbd,tbd,,,,,,,,,,,,,tbd,tbd,tbd,tbd,tbd,tbd,tbd,tbd,tbd,tbd,tbd,tbd,tbd,tbd,tbd,tbd,tbd,tbd,tbd,tbd,tbd,tbd,tbd,tbd,tbd,tbd,tbd,tbd,tbd,tbd,tbd,tbd,tbd,tbd,tbd,,,,712.0918367346939,0.0,62.703312083008754,,,,2109.7264416751054
LHS Autogenerated 23,b4eb5510-e0e6-4bcf-8d8c-dc07ac39760d,2016-09-02T19:11:06Z,2016-09-02T19:11:56Z,completed,completed normal,CE100 - Base-Case Building and Mechanical System,tbd,tbd,tbd,tbd,tbd,tbd,tbd,tbd,tbd,tbd,tbd,tbd,tbd,tbd,tbd,tbd,tbd,tbd,tbd,tbd,tbd,tbd,"tbd,tbd,tbd,tbd,tbd,tbd,tbd,tbd,tbd,tbd,tbd,tbd,tbd,tbd,tbd,tbd,tbd,tbd,tbd,tbd,tbd,tbd,tbd,tbd","tbd,tbd,tbd,tbd,tbd,tbd,tbd,tbd,tbd,tbd,tbd,tbd,tbd,tbd,tbd,tbd,tbd,tbd,tbd,tbd,tbd,tbd,tbd,tbd","tbd,tbd,tbd,tbd,tbd,tbd,tbd,tbd,tbd,tbd,tbd,tbd,tbd,tbd,tbd,tbd,tbd,tbd,tbd,tbd,tbd,tbd,tbd,tbd","tbd,tbd,tbd,tbd,tbd,tbd,tbd,tbd,tbd,tbd,tbd,tbd,tbd,tbd,tbd,tbd,tbd,tbd,tbd,tbd,tbd,tbd,tbd,tbd","tbd,tbd,tbd,tbd,tbd,tbd,tbd,tbd,tbd,tbd,tbd,tbd,tbd,tbd,tbd,tbd,tbd,tbd,tbd,tbd,tbd,tbd,tbd,tbd","tbd,tbd,tbd,tbd,tbd,tbd,tbd,tbd,tbd,tbd,tbd,tbd,tbd,tbd,tbd,tbd,tbd,tbd,tbd,tbd,tbd,tbd,tbd,tbd","tbd,tbd,tbd,tbd,tbd,tbd,tbd,tbd,tbd,tbd,tbd,tbd,tbd,tbd,tbd,tbd,tbd,tbd,tbd,tbd,tbd,tbd,tbd,tbd","tbd,tbd,tbd,tbd,tbd,tbd,tbd,tbd,tbd,tbd,tbd,tbd,tbd,tbd,tbd,tbd,tbd,tbd,tbd,tbd,tbd,tbd,tbd,tbd","tbd,tbd,tbd,tbd,tbd,tbd,tbd,tbd,tbd,tbd,tbd,tbd,tbd,tbd,tbd,tbd,tbd,tbd,tbd,tbd,tbd,tbd,tbd,tbd","tbd,tbd,tbd,tbd,tbd,tbd,tbd,tbd,tbd,tbd,tbd,tbd,tbd,tbd,tbd,tbd,tbd,tbd,tbd,tbd,tbd,tbd,tbd,tbd","tbd,tbd,tbd,tbd,tbd,tbd,tbd,tbd,tbd,tbd,tbd,tbd,tbd,tbd,tbd,tbd,tbd,tbd,tbd,tbd,tbd,tbd,tbd,tbd",tbd,tbd,tbd,tbd,tbd,tbd,tbd,tbd,tbd,tbd,tbd,tbd,tbd,2474.9448881189123,863.0155231229129,tbd,3337.960411241828,tbd,tbd,tbd,tbd,tbd,tbd,tbd,tbd,tbd,tbd,tbd,tbd,tbd,tbd,tbd,tbd,tbd,tbd,0.10298584216004933,4646.582664519881,4646.582664519882,tbd,tbd,tbd,tbd,tbd,tbd,tbd,tbd,tbd,tbd,tbd,tbd,tbd,tbd,tbd,tbd,tbd,tbd,tbd,tbd,tbd,tbd,tbd,tbd,tbd,tbd,tbd,tbd,tbd,tbd,tbd,tbd,tbd,tbd,tbd,tbd,tbd,tbd,tbd,tbd,tbd,tbd,tbd,tbd,1.087755663320422e-12,47617.73764885517,47617.840457877704,3151.4583333333335,0.0,277.50195297523345,,,,516.6677000020667
LHS Autogenerated 5,b6b72885-bd5d-43f3-bdd7-4147a8595720,2016-09-02T19:12:06Z,2016-09-02T19:12:53Z,completed,completed normal,CE195 - Increased Outdoor Dry-Bulb Temperature at Low Sensible Heat Rato and Low Part-Load Rato,tbd,tbd,tbd,tbd,tbd,tbd,tbd,tbd,tbd,tbd,tbd,tbd,tbd,tbd,tbd,tbd,tbd,tbd,tbd,tbd,tbd,tbd,"tbd,tbd,tbd,tbd,tbd,tbd,tbd,tbd,tbd,tbd,tbd,tbd,tbd,tbd,tbd,tbd,tbd,tbd,tbd,tbd,tbd,tbd,tbd,tbd","tbd,tbd,tbd,tbd,tbd,tbd,tbd,tbd,tbd,tbd,tbd,tbd,tbd,tbd,tbd,tbd,tbd,tbd,tbd,tbd,tbd,tbd,tbd,tbd","tbd,tbd,tbd,tbd,tbd,tbd,tbd,tbd,tbd,tbd,tbd,tbd,tbd,tbd,tbd,tbd,tbd,tbd,tbd,tbd,tbd,tbd,tbd,tbd","tbd,tbd,tbd,tbd,tbd,tbd,tbd,tbd,tbd,tbd,tbd,tbd,tbd,tbd,tbd,tbd,tbd,tbd,tbd,tbd,tbd,tbd,tbd,tbd","tbd,tbd,tbd,tbd,tbd,tbd,tbd,tbd,tbd,tbd,tbd,tbd,tbd,tbd,tbd,tbd,tbd,tbd,tbd,tbd,tbd,tbd,tbd,tbd","tbd,tbd,tbd,tbd,tbd,tbd,tbd,tbd,tbd,tbd,tbd,tbd,tbd,tbd,tbd,tbd,tbd,tbd,tbd,tbd,tbd,tbd,tbd,tbd","tbd,tbd,tbd,tbd,tbd,tbd,tbd,tbd,tbd,tbd,tbd,tbd,tbd,tbd,tbd,tbd,tbd,tbd,tbd,tbd,tbd,tbd,tbd,tbd","tbd,tbd,tbd,tbd,tbd,tbd,tbd,tbd,tbd,tbd,tbd,tbd,tbd,tbd,tbd,tbd,tbd,tbd,tbd,tbd,tbd,tbd,tbd,tbd","tbd,tbd,tbd,tbd,tbd,tbd,tbd,tbd,tbd,tbd,tbd,tbd,tbd,tbd,tbd,tbd,tbd,tbd,tbd,tbd,tbd,tbd,tbd,tbd","tbd,tbd,tbd,tbd,tbd,tbd,tbd,tbd,tbd,tbd,tbd,tbd,tbd,tbd,tbd,tbd,tbd,tbd,tbd,tbd,tbd,tbd,tbd,tbd","tbd,tbd,tbd,tbd,tbd,tbd,tbd,tbd,tbd,tbd,tbd,tbd,tbd,tbd,tbd,tbd,tbd,tbd,tbd,tbd,tbd,tbd,tbd,tbd",tbd,tbd,tbd,tbd,tbd,tbd,tbd,tbd,tbd,tbd,tbd,tbd,tbd,788.6696507380434,863.0155231229128,tbd,1651.6851738609573,tbd,tbd,tbd,tbd,tbd,tbd,tbd,tbd,tbd,tbd,tbd,tbd,tbd,tbd,tbd,tbd,tbd,tbd,4818.054330957927,1076.06594667143,1458.8664403699715,tbd,tbd,tbd,tbd,tbd,tbd,tbd,tbd,tbd,tbd,tbd,tbd,tbd,tbd,tbd,tbd,tbd,tbd,tbd,tbd,tbd,tbd,tbd,tbd,tbd,tbd,tbd,tbd,tbd,tbd,tbd,tbd,tbd,tbd,tbd,tbd,tbd,tbd,tbd,tbd,tbd,tbd,tbd,tbd,382.76367319113416,2678.9389460398766,7496.530353406187,1559.1666666666667,0.0,137.29256402899762,,,,516.6677000020667
LHS Autogenerated 20,c43dc19a-784a-492d-bdec-ea470a3dbf6e,2016-09-02T19:11:06Z,2016-09-02T19:12:07Z,completed,completed normal,CE525 - High EDB,tbd,tbd,tbd,tbd,tbd,tbd,tbd,tbd,tbd,tbd,tbd,tbd,tbd,tbd,tbd,tbd,tbd,tbd,tbd,tbd,tbd,tbd,"tbd,tbd,tbd,tbd,tbd,tbd,tbd,tbd,tbd,tbd,tbd,tbd,tbd,tbd,tbd,tbd,tbd,tbd,tbd,tbd,tbd,tbd,tbd,tbd","tbd,tbd,tbd,tbd,tbd,tbd,tbd,tbd,tbd,tbd,tbd,tbd,tbd,tbd,tbd,tbd,tbd,tbd,tbd,tbd,tbd,tbd,tbd,tbd","tbd,tbd,tbd,tbd,tbd,tbd,tbd,tbd,tbd,tbd,tbd,tbd,tbd,tbd,tbd,tbd,tbd,tbd,tbd,tbd,tbd,tbd,tbd,tbd","tbd,tbd,tbd,tbd,tbd,tbd,tbd,tbd,tbd,tbd,tbd,tbd,tbd,tbd,tbd,tbd,tbd,tbd,tbd,tbd,tbd,tbd,tbd,tbd","tbd,tbd,tbd,tbd,tbd,tbd,tbd,tbd,tbd,tbd,tbd,tbd,tbd,tbd,tbd,tbd,tbd,tbd,tbd,tbd,tbd,tbd,tbd,tbd","tbd,tbd,tbd,tbd,tbd,tbd,tbd,tbd,tbd,tbd,tbd,tbd,tbd,tbd,tbd,tbd,tbd,tbd,tbd,tbd,tbd,tbd,tbd,tbd","tbd,tbd,tbd,tbd,tbd,tbd,tbd,tbd,tbd,tbd,tbd,tbd,tbd,tbd,tbd,tbd,tbd,tbd,tbd,tbd,tbd,tbd,tbd,tbd","tbd,tbd,tbd,tbd,tbd,tbd,tbd,tbd,tbd,tbd,tbd,tbd,tbd,tbd,tbd,tbd,tbd,tbd,tbd,tbd,tbd,tbd,tbd,tbd","tbd,tbd,tbd,tbd,tbd,tbd,tbd,tbd,tbd,tbd,tbd,tbd,tbd,tbd,tbd,tbd,tbd,tbd,tbd,tbd,tbd,tbd,tbd,tbd","tbd,tbd,tbd,tbd,tbd,tbd,tbd,tbd,tbd,tbd,tbd,tbd,tbd,tbd,tbd,tbd,tbd,tbd,tbd,tbd,tbd,tbd,tbd,tbd","tbd,tbd,tbd,tbd,tbd,tbd,tbd,tbd,tbd,tbd,tbd,tbd,tbd,tbd,tbd,tbd,tbd,tbd,tbd,tbd,tbd,tbd,tbd,tbd",tbd,tbd,tbd,tbd,tbd,tbd,tbd,tbd,tbd,tbd,tbd,tbd,tbd,,,,,tbd,tbd,tbd,tbd,tbd,tbd,tbd,tbd,tbd,tbd,tbd,tbd,tbd,tbd,tbd,tbd,tbd,tbd,,,,,,,,,,,,,tbd,tbd,tbd,tbd,tbd,tbd,tbd,tbd,tbd,tbd,tbd,tbd,tbd,tbd,tbd,tbd,tbd,tbd,tbd,tbd,tbd,tbd,tbd,tbd,tbd,tbd,tbd,tbd,tbd,tbd,tbd,tbd,tbd,tbd,tbd,,,,582.8061224489796,0.0,51.31904663783113,,,,2109.7264416751054
LHS Autogenerated 26,c4a04020-4588-452e-bfee-57f867c8f245,2016-09-02T19:11:06Z,2016-09-02T19:12:02Z,completed,completed normal,CE320 - Infiltration,tbd,tbd,tbd,tbd,tbd,tbd,tbd,tbd,tbd,tbd,tbd,tbd,tbd,tbd,tbd,tbd,tbd,tbd,tbd,tbd,tbd,tbd,"tbd,tbd,tbd,tbd,tbd,tbd,tbd,tbd,tbd,tbd,tbd,tbd,tbd,tbd,tbd,tbd,tbd,tbd,tbd,tbd,tbd,tbd,tbd,tbd","tbd,tbd,tbd,tbd,tbd,tbd,tbd,tbd,tbd,tbd,tbd,tbd,tbd,tbd,tbd,tbd,tbd,tbd,tbd,tbd,tbd,tbd,tbd,tbd","tbd,tbd,tbd,tbd,tbd,tbd,tbd,tbd,tbd,tbd,tbd,tbd,tbd,tbd,tbd,tbd,tbd,tbd,tbd,tbd,tbd,tbd,tbd,tbd","tbd,tbd,tbd,tbd,tbd,tbd,tbd,tbd,tbd,tbd,tbd,tbd,tbd,tbd,tbd,tbd,tbd,tbd,tbd,tbd,tbd,tbd,tbd,tbd","tbd,tbd,tbd,tbd,tbd,tbd,tbd,tbd,tbd,tbd,tbd,tbd,tbd,tbd,tbd,tbd,tbd,tbd,tbd,tbd,tbd,tbd,tbd,tbd","tbd,tbd,tbd,tbd,tbd,tbd,tbd,tbd,tbd,tbd,tbd,tbd,tbd,tbd,tbd,tbd,tbd,tbd,tbd,tbd,tbd,tbd,tbd,tbd","tbd,tbd,tbd,tbd,tbd,tbd,tbd,tbd,tbd,tbd,tbd,tbd,tbd,tbd,tbd,tbd,tbd,tbd,tbd,tbd,tbd,tbd,tbd,tbd","tbd,tbd,tbd,tbd,tbd,tbd,tbd,tbd,tbd,tbd,tbd,tbd,tbd,tbd,tbd,tbd,tbd,tbd,tbd,tbd,tbd,tbd,tbd,tbd","tbd,tbd,tbd,tbd,tbd,tbd,tbd,tbd,tbd,tbd,tbd,tbd,tbd,tbd,tbd,tbd,tbd,tbd,tbd,tbd,tbd,tbd,tbd,tbd","tbd,tbd,tbd,tbd,tbd,tbd,tbd,tbd,tbd,tbd,tbd,tbd,tbd,tbd,tbd,tbd,tbd,tbd,tbd,tbd,tbd,tbd,tbd,tbd","tbd,tbd,tbd,tbd,tbd,tbd,tbd,tbd,tbd,tbd,tbd,tbd,tbd,tbd,tbd,tbd,tbd,tbd,tbd,tbd,tbd,tbd,tbd,tbd",tbd,tbd,tbd,tbd,tbd,tbd,tbd,tbd,tbd,tbd,tbd,tbd,tbd,,,,,tbd,tbd,tbd,tbd,tbd,tbd,tbd,tbd,tbd,tbd,tbd,tbd,tbd,tbd,tbd,tbd,tbd,tbd,,,,,,,,,,,,,tbd,tbd,tbd,tbd,tbd,tbd,tbd,tbd,tbd,tbd,tbd,tbd,tbd,tbd,tbd,tbd,tbd,tbd,tbd,tbd,tbd,tbd,tbd,tbd,tbd,tbd,tbd,tbd,tbd,tbd,tbd,tbd,tbd,tbd,tbd,,,,722.2448979591836,0.0,63.59734082160005,,,,2109.7264416751054
LHS Autogenerated 4,c7cdd980-3c61-429f-9d81-db7adc4e231f,2016-09-02T19:12:08Z,2016-09-02T19:13:01Z,completed,completed normal,CE500 - Base Case (0% OA),tbd,tbd,tbd,tbd,tbd,tbd,tbd,tbd,tbd,tbd,tbd,tbd,tbd,tbd,tbd,tbd,tbd,tbd,tbd,tbd,tbd,tbd,"tbd,tbd,tbd,tbd,tbd,tbd,tbd,tbd,tbd,tbd,tbd,tbd,tbd,tbd,tbd,tbd,tbd,tbd,tbd,tbd,tbd,tbd,tbd,tbd","tbd,tbd,tbd,tbd,tbd,tbd,tbd,tbd,tbd,tbd,tbd,tbd,tbd,tbd,tbd,tbd,tbd,tbd,tbd,tbd,tbd,tbd,tbd,tbd","tbd,tbd,tbd,tbd,tbd,tbd,tbd,tbd,tbd,tbd,tbd,tbd,tbd,tbd,tbd,tbd,tbd,tbd,tbd,tbd,tbd,tbd,tbd,tbd","tbd,tbd,tbd,tbd,tbd,tbd,tbd,tbd,tbd,tbd,tbd,tbd,tbd,tbd,tbd,tbd,tbd,tbd,tbd,tbd,tbd,tbd,tbd,tbd","tbd,tbd,tbd,tbd,tbd,tbd,tbd,tbd,tbd,tbd,tbd,tbd,tbd,tbd,tbd,tbd,tbd,tbd,tbd,tbd,tbd,tbd,tbd,tbd","tbd,tbd,tbd,tbd,tbd,tbd,tbd,tbd,tbd,tbd,tbd,tbd,tbd,tbd,tbd,tbd,tbd,tbd,tbd,tbd,tbd,tbd,tbd,tbd","tbd,tbd,tbd,tbd,tbd,tbd,tbd,tbd,tbd,tbd,tbd,tbd,tbd,tbd,tbd,tbd,tbd,tbd,tbd,tbd,tbd,tbd,tbd,tbd","tbd,tbd,tbd,tbd,tbd,tbd,tbd,tbd,tbd,tbd,tbd,tbd,tbd,tbd,tbd,tbd,tbd,tbd,tbd,tbd,tbd,tbd,tbd,tbd","tbd,tbd,tbd,tbd,tbd,tbd,tbd,tbd,tbd,tbd,tbd,tbd,tbd,tbd,tbd,tbd,tbd,tbd,tbd,tbd,tbd,tbd,tbd,tbd","tbd,tbd,tbd,tbd,tbd,tbd,tbd,tbd,tbd,tbd,tbd,tbd,tbd,tbd,tbd,tbd,tbd,tbd,tbd,tbd,tbd,tbd,tbd,tbd","tbd,tbd,tbd,tbd,tbd,tbd,tbd,tbd,tbd,tbd,tbd,tbd,tbd,tbd,tbd,tbd,tbd,tbd,tbd,tbd,tbd,tbd,tbd,tbd",tbd,tbd,tbd,tbd,tbd,tbd,tbd,tbd,tbd,tbd,tbd,tbd,tbd,,,,,tbd,tbd,tbd,tbd,tbd,tbd,tbd,tbd,tbd,tbd,tbd,tbd,tbd,tbd,tbd,tbd,tbd,tbd,,,,,,,,,,,,,tbd,tbd,tbd,tbd,tbd,tbd,tbd,tbd,tbd,tbd,tbd,tbd,tbd,tbd,tbd,tbd,tbd,tbd,tbd,tbd,tbd,tbd,tbd,tbd,tbd,tbd,tbd,tbd,tbd,tbd,tbd,tbd,tbd,tbd,tbd,,,,618.3673469387755,0.0,54.45039352626396,,,,2109.7264416751054
LHS Autogenerated 24,cc2ad144-3898-4d1c-98eb-2c3bafa43abf,2016-09-02T19:11:07Z,2016-09-02T19:12:11Z,completed,completed normal,CE400 - Temperature Control,tbd,tbd,tbd,tbd,tbd,tbd,tbd,tbd,tbd,tbd,tbd,tbd,tbd,tbd,tbd,tbd,tbd,tbd,tbd,tbd,tbd,tbd,"tbd,tbd,tbd,tbd,tbd,tbd,tbd,tbd,tbd,tbd,tbd,tbd,tbd,tbd,tbd,tbd,tbd,tbd,tbd,tbd,tbd,tbd,tbd,tbd","tbd,tbd,tbd,tbd,tbd,tbd,tbd,tbd,tbd,tbd,tbd,tbd,tbd,tbd,tbd,tbd,tbd,tbd,tbd,tbd,tbd,tbd,tbd,tbd","tbd,tbd,tbd,tbd,tbd,tbd,tbd,tbd,tbd,tbd,tbd,tbd,tbd,tbd,tbd,tbd,tbd,tbd,tbd,tbd,tbd,tbd,tbd,tbd","tbd,tbd,tbd,tbd,tbd,tbd,tbd,tbd,tbd,tbd,tbd,tbd,tbd,tbd,tbd,tbd,tbd,tbd,tbd,tbd,tbd,tbd,tbd,tbd","tbd,tbd,tbd,tbd,tbd,tbd,tbd,tbd,tbd,tbd,tbd,tbd,tbd,tbd,tbd,tbd,tbd,tbd,tbd,tbd,tbd,tbd,tbd,tbd","tbd,tbd,tbd,tbd,tbd,tbd,tbd,tbd,tbd,tbd,tbd,tbd,tbd,tbd,tbd,tbd,tbd,tbd,tbd,tbd,tbd,tbd,tbd,tbd","tbd,tbd,tbd,tbd,tbd,tbd,tbd,tbd,tbd,tbd,tbd,tbd,tbd,tbd,tbd,tbd,tbd,tbd,tbd,tbd,tbd,tbd,tbd,tbd","tbd,tbd,tbd,tbd,tbd,tbd,tbd,tbd,tbd,tbd,tbd,tbd,tbd,tbd,tbd,tbd,tbd,tbd,tbd,tbd,tbd,tbd,tbd,tbd","tbd,tbd,tbd,tbd,tbd,tbd,tbd,tbd,tbd,tbd,tbd,tbd,tbd,tbd,tbd,tbd,tbd,tbd,tbd,tbd,tbd,tbd,tbd,tbd","tbd,tbd,tbd,tbd,tbd,tbd,tbd,tbd,tbd,tbd,tbd,tbd,tbd,tbd,tbd,tbd,tbd,tbd,tbd,tbd,tbd,tbd,tbd,tbd","tbd,tbd,tbd,tbd,tbd,tbd,tbd,tbd,tbd,tbd,tbd,tbd,tbd,tbd,tbd,tbd,tbd,tbd,tbd,tbd,tbd,tbd,tbd,tbd",tbd,tbd,tbd,tbd,tbd,tbd,tbd,tbd,tbd,tbd,tbd,tbd,tbd,,,,,tbd,tbd,tbd,tbd,tbd,tbd,tbd,tbd,tbd,tbd,tbd,tbd,tbd,tbd,tbd,tbd,tbd,tbd,,,,,,,,,,,,,tbd,tbd,tbd,tbd,tbd,tbd,tbd,tbd,tbd,tbd,tbd,tbd,tbd,tbd,tbd,tbd,tbd,tbd,tbd,tbd,tbd,tbd,tbd,tbd,tbd,tbd,tbd,tbd,tbd,tbd,tbd,tbd,tbd,tbd,tbd,,,,709.1326530612245,0.0,62.44274089286657,,,,2109.7264416751054
LHS Autogenerated 17,d75a98b7-64ab-4aa7-9f37-1a2f757a5c53,2016-09-02T19:11:07Z,2016-09-02T19:12:08Z,completed,completed normal,CE522 - Low EDB 20C,tbd,tbd,tbd,tbd,tbd,tbd,tbd,tbd,tbd,tbd,tbd,tbd,tbd,tbd,tbd,tbd,tbd,tbd,tbd,tbd,tbd,tbd,"tbd,tbd,tbd,tbd,tbd,tbd,tbd,tbd,tbd,tbd,tbd,tbd,tbd,tbd,tbd,tbd,tbd,tbd,tbd,tbd,tbd,tbd,tbd,tbd","tbd,tbd,tbd,tbd,tbd,tbd,tbd,tbd,tbd,tbd,tbd,tbd,tbd,tbd,tbd,tbd,tbd,tbd,tbd,tbd,tbd,tbd,tbd,tbd","tbd,tbd,tbd,tbd,tbd,tbd,tbd,tbd,tbd,tbd,tbd,tbd,tbd,tbd,tbd,tbd,tbd,tbd,tbd,tbd,tbd,tbd,tbd,tbd","tbd,tbd,tbd,tbd,tbd,tbd,tbd,tbd,tbd,tbd,tbd,tbd,tbd,tbd,tbd,tbd,tbd,tbd,tbd,tbd,tbd,tbd,tbd,tbd","tbd,tbd,tbd,tbd,tbd,tbd,tbd,tbd,tbd,tbd,tbd,tbd,tbd,tbd,tbd,tbd,tbd,tbd,tbd,tbd,tbd,tbd,tbd,tbd","tbd,tbd,tbd,tbd,tbd,tbd,tbd,tbd,tbd,tbd,tbd,tbd,tbd,tbd,tbd,tbd,tbd,tbd,tbd,tbd,tbd,tbd,tbd,tbd","tbd,tbd,tbd,tbd,tbd,tbd,tbd,tbd,tbd,tbd,tbd,tbd,tbd,tbd,tbd,tbd,tbd,tbd,tbd,tbd,tbd,tbd,tbd,tbd","tbd,tbd,tbd,tbd,tbd,tbd,tbd,tbd,tbd,tbd,tbd,tbd,tbd,tbd,tbd,tbd,tbd,tbd,tbd,tbd,tbd,tbd,tbd,tbd","tbd,tbd,tbd,tbd,tbd,tbd,tbd,tbd,tbd,tbd,tbd,tbd,tbd,tbd,tbd,tbd,tbd,tbd,tbd,tbd,tbd,tbd,tbd,tbd","tbd,tbd,tbd,tbd,tbd,tbd,tbd,tbd,tbd,tbd,tbd,tbd,tbd,tbd,tbd,tbd,tbd,tbd,tbd,tbd,tbd,tbd,tbd,tbd","tbd,tbd,tbd,tbd,tbd,tbd,tbd,tbd,tbd,tbd,tbd,tbd,tbd,tbd,tbd,tbd,tbd,tbd,tbd,tbd,tbd,tbd,tbd,tbd",tbd,tbd,tbd,tbd,tbd,tbd,tbd,tbd,tbd,tbd,tbd,tbd,tbd,,,,,tbd,tbd,tbd,tbd,tbd,tbd,tbd,tbd,tbd,tbd,tbd,tbd,tbd,tbd,tbd,tbd,tbd,tbd,,,,,,,,,,,,,tbd,tbd,tbd,tbd,tbd,tbd,tbd,tbd,tbd,tbd,tbd,tbd,tbd,tbd,tbd,tbd,tbd,tbd,tbd,tbd,tbd,tbd,tbd,tbd,tbd,tbd,tbd,tbd,tbd,tbd,tbd,tbd,tbd,tbd,tbd,,,,638.6734693877551,0.0,56.238451003446556,,,,2109.7264416751054
LHS Autogenerated 28,dbf41a94-316d-44a5-91cf-9b804e91b5a2,2016-09-02T19:11:06Z,2016-09-02T19:12:02Z,completed,completed normal,CE300 - Base Case 15% OA,tbd,tbd,tbd,tbd,tbd,tbd,tbd,tbd,tbd,tbd,tbd,tbd,tbd,tbd,tbd,tbd,tbd,tbd,tbd,tbd,tbd,tbd,"tbd,tbd,tbd,tbd,tbd,tbd,tbd,tbd,tbd,tbd,tbd,tbd,tbd,tbd,tbd,tbd,tbd,tbd,tbd,tbd,tbd,tbd,tbd,tbd","tbd,tbd,tbd,tbd,tbd,tbd,tbd,tbd,tbd,tbd,tbd,tbd,tbd,tbd,tbd,tbd,tbd,tbd,tbd,tbd,tbd,tbd,tbd,tbd","tbd,tbd,tbd,tbd,tbd,tbd,tbd,tbd,tbd,tbd,tbd,tbd,tbd,tbd,tbd,tbd,tbd,tbd,tbd,tbd,tbd,tbd,tbd,tbd","tbd,tbd,tbd,tbd,tbd,tbd,tbd,tbd,tbd,tbd,tbd,tbd,tbd,tbd,tbd,tbd,tbd,tbd,tbd,tbd,tbd,tbd,tbd,tbd","tbd,tbd,tbd,tbd,tbd,tbd,tbd,tbd,tbd,tbd,tbd,tbd,tbd,tbd,tbd,tbd,tbd,tbd,tbd,tbd,tbd,tbd,tbd,tbd","tbd,tbd,tbd,tbd,tbd,tbd,tbd,tbd,tbd,tbd,tbd,tbd,tbd,tbd,tbd,tbd,tbd,tbd,tbd,tbd,tbd,tbd,tbd,tbd","tbd,tbd,tbd,tbd,tbd,tbd,tbd,tbd,tbd,tbd,tbd,tbd,tbd,tbd,tbd,tbd,tbd,tbd,tbd,tbd,tbd,tbd,tbd,tbd","tbd,tbd,tbd,tbd,tbd,tbd,tbd,tbd,tbd,tbd,tbd,tbd,tbd,tbd,tbd,tbd,tbd,tbd,tbd,tbd,tbd,tbd,tbd,tbd","tbd,tbd,tbd,tbd,tbd,tbd,tbd,tbd,tbd,tbd,tbd,tbd,tbd,tbd,tbd,tbd,tbd,tbd,tbd,tbd,tbd,tbd,tbd,tbd","tbd,tbd,tbd,tbd,tbd,tbd,tbd,tbd,tbd,tbd,tbd,tbd,tbd,tbd,tbd,tbd,tbd,tbd,tbd,tbd,tbd,tbd,tbd,tbd","tbd,tbd,tbd,tbd,tbd,tbd,tbd,tbd,tbd,tbd,tbd,tbd,tbd,tbd,tbd,tbd,tbd,tbd,tbd,tbd,tbd,tbd,tbd,tbd",tbd,tbd,tbd,tbd,tbd,tbd,tbd,tbd,tbd,tbd,tbd,tbd,tbd,,,,,tbd,tbd,tbd,tbd,tbd,tbd,tbd,tbd,tbd,tbd,tbd,tbd,tbd,tbd,tbd,tbd,tbd,tbd,,,,,,,,,,,,,tbd,tbd,tbd,tbd,tbd,tbd,tbd,tbd,tbd,tbd,tbd,tbd,tbd,tbd,tbd,tbd,tbd,tbd,tbd,tbd,tbd,tbd,tbd,tbd,tbd,tbd,tbd,tbd,tbd,tbd,tbd,tbd,tbd,tbd,tbd,,,,709.1326530612245,0.0,62.44274089286657,,,,2109.7264416751054
LHS Autogenerated 27,e55bb613-3f31-4726-90a7-0ec007aae98e,2016-09-02T19:11:07Z,2016-09-02T19:12:00Z,completed,completed normal,CE120 - Increased Thermostat Setpoint,tbd,tbd,tbd,tbd,tbd,tbd,tbd,tbd,tbd,tbd,tbd,tbd,tbd,tbd,tbd,tbd,tbd,tbd,tbd,tbd,tbd,tbd,"tbd,tbd,tbd,tbd,tbd,tbd,tbd,tbd,tbd,tbd,tbd,tbd,tbd,tbd,tbd,tbd,tbd,tbd,tbd,tbd,tbd,tbd,tbd,tbd","tbd,tbd,tbd,tbd,tbd,tbd,tbd,tbd,tbd,tbd,tbd,tbd,tbd,tbd,tbd,tbd,tbd,tbd,tbd,tbd,tbd,tbd,tbd,tbd","tbd,tbd,tbd,tbd,tbd,tbd,tbd,tbd,tbd,tbd,tbd,tbd,tbd,tbd,tbd,tbd,tbd,tbd,tbd,tbd,tbd,tbd,tbd,tbd","tbd,tbd,tbd,tbd,tbd,tbd,tbd,tbd,tbd,tbd,tbd,tbd,tbd,tbd,tbd,tbd,tbd,tbd,tbd,tbd,tbd,tbd,tbd,tbd","tbd,tbd,tbd,tbd,tbd,tbd,tbd,tbd,tbd,tbd,tbd,tbd,tbd,tbd,tbd,tbd,tbd,tbd,tbd,tbd,tbd,tbd,tbd,tbd","tbd,tbd,tbd,tbd,tbd,tbd,tbd,tbd,tbd,tbd,tbd,tbd,tbd,tbd,tbd,tbd,tbd,tbd,tbd,tbd,tbd,tbd,tbd,tbd","tbd,tbd,tbd,tbd,tbd,tbd,tbd,tbd,tbd,tbd,tbd,tbd,tbd,tbd,tbd,tbd,tbd,tbd,tbd,tbd,tbd,tbd,tbd,tbd","tbd,tbd,tbd,tbd,tbd,tbd,tbd,tbd,tbd,tbd,tbd,tbd,tbd,tbd,tbd,tbd,tbd,tbd,tbd,tbd,tbd,tbd,tbd,tbd","tbd,tbd,tbd,tbd,tbd,tbd,tbd,tbd,tbd,tbd,tbd,tbd,tbd,tbd,tbd,tbd,tbd,tbd,tbd,tbd,tbd,tbd,tbd,tbd","tbd,tbd,tbd,tbd,tbd,tbd,tbd,tbd,tbd,tbd,tbd,tbd,tbd,tbd,tbd,tbd,tbd,tbd,tbd,tbd,tbd,tbd,tbd,tbd","tbd,tbd,tbd,tbd,tbd,tbd,tbd,tbd,tbd,tbd,tbd,tbd,tbd,tbd,tbd,tbd,tbd,tbd,tbd,tbd,tbd,tbd,tbd,tbd",tbd,tbd,tbd,tbd,tbd,tbd,tbd,tbd,tbd,tbd,tbd,tbd,tbd,1708.6205869708508,863.0155231229129,tbd,2571.636110093764,tbd,tbd,tbd,tbd,tbd,tbd,tbd,tbd,tbd,tbd,tbd,tbd,tbd,tbd,tbd,tbd,tbd,tbd,0.114033867866964,4622.567652111466,4622.567652111467,tbd,tbd,tbd,tbd,tbd,tbd,tbd,tbd,tbd,tbd,tbd,tbd,tbd,tbd,tbd,tbd,tbd,tbd,tbd,tbd,tbd,tbd,tbd,tbd,tbd,tbd,tbd,tbd,tbd,tbd,tbd,tbd,tbd,tbd,tbd,tbd,tbd,tbd,tbd,tbd,tbd,tbd,tbd,tbd,2.681796710627771e-12,47317.49595387609,47317.60979408649,2428.125,0.0,213.80876987679946,,,,516.6677000020667
LHS Autogenerated 18,e698e4fb-c61f-4f70-a3a0-3fd9ca6e4792,2016-09-02T19:11:07Z,2016-09-02T19:12:00Z,completed,completed normal,CE170 - Reduced Sensible Load,tbd,tbd,tbd,tbd,tbd,tbd,tbd,tbd,tbd,tbd,tbd,tbd,tbd,tbd,tbd,tbd,tbd,tbd,tbd,tbd,tbd,tbd,"tbd,tbd,tbd,tbd,tbd,tbd,tbd,tbd,tbd,tbd,tbd,tbd,tbd,tbd,tbd,tbd,tbd,tbd,tbd,tbd,tbd,tbd,tbd,tbd","tbd,tbd,tbd,tbd,tbd,tbd,tbd,tbd,tbd,tbd,tbd,tbd,tbd,tbd,tbd,tbd,tbd,tbd,tbd,tbd,tbd,tbd,tbd,tbd","tbd,tbd,tbd,tbd,tbd,tbd,tbd,tbd,tbd,tbd,tbd,tbd,tbd,tbd,tbd,tbd,tbd,tbd,tbd,tbd,tbd,tbd,tbd,tbd","tbd,tbd,tbd,tbd,tbd,tbd,tbd,tbd,tbd,tbd,tbd,tbd,tbd,tbd,tbd,tbd,tbd,tbd,tbd,tbd,tbd,tbd,tbd,tbd","tbd,tbd,tbd,tbd,tbd,tbd,tbd,tbd,tbd,tbd,tbd,tbd,tbd,tbd,tbd,tbd,tbd,tbd,tbd,tbd,tbd,tbd,tbd,tbd","tbd,tbd,tbd,tbd,tbd,tbd,tbd,tbd,tbd,tbd,tbd,tbd,tbd,tbd,tbd,tbd,tbd,tbd,tbd,tbd,tbd,tbd,tbd,tbd","tbd,tbd,tbd,tbd,tbd,tbd,tbd,tbd,tbd,tbd,tbd,tbd,tbd,tbd,tbd,tbd,tbd,tbd,tbd,tbd,tbd,tbd,tbd,tbd","tbd,tbd,tbd,tbd,tbd,tbd,tbd,tbd,tbd,tbd,tbd,tbd,tbd,tbd,tbd,tbd,tbd,tbd,tbd,tbd,tbd,tbd,tbd,tbd","tbd,tbd,tbd,tbd,tbd,tbd,tbd,tbd,tbd,tbd,tbd,tbd,tbd,tbd,tbd,tbd,tbd,tbd,tbd,tbd,tbd,tbd,tbd,tbd","tbd,tbd,tbd,tbd,tbd,tbd,tbd,tbd,tbd,tbd,tbd,tbd,tbd,tbd,tbd,tbd,tbd,tbd,tbd,tbd,tbd,tbd,tbd,tbd","tbd,tbd,tbd,tbd,tbd,tbd,tbd,tbd,tbd,tbd,tbd,tbd,tbd,tbd,tbd,tbd,tbd,tbd,tbd,tbd,tbd,tbd,tbd,tbd",tbd,tbd,tbd,tbd,tbd,tbd,tbd,tbd,tbd,tbd,tbd,tbd,tbd,1172.8709927456487,863.0155231229129,tbd,2035.8865158685585,tbd,tbd,tbd,tbd,tbd,tbd,tbd,tbd,tbd,tbd,tbd,tbd,tbd,tbd,tbd,tbd,tbd,tbd,9636.034234218927,2330.5778261920063,3096.1782188597617,tbd,tbd,tbd,tbd,tbd,tbd,tbd,tbd,tbd,tbd,tbd,tbd,tbd,tbd,tbd,tbd,tbd,tbd,tbd,tbd,tbd,tbd,tbd,tbd,tbd,tbd,tbd,tbd,tbd,tbd,tbd,tbd,tbd,tbd,tbd,tbd,tbd,tbd,tbd,tbd,tbd,tbd,tbd,tbd,765.092236009066,18476.549455922283,28106.188271517705,1922.0833333333333,0.0,169.24922444301603,,,,516.6677000020667
LHS Autogenerated 6,f71179bf-2393-4faf-ac1c-07b958a43bfb,2016-09-02T19:12:06Z,2016-09-02T19:12:56Z,completed,completed normal,CE360 - Undersize,tbd,tbd,tbd,tbd,tbd,tbd,tbd,tbd,tbd,tbd,tbd,tbd,tbd,tbd,tbd,tbd,tbd,tbd,tbd,tbd,tbd,tbd,"tbd,tbd,tbd,tbd,tbd,tbd,tbd,tbd,tbd,tbd,tbd,tbd,tbd,tbd,tbd,tbd,tbd,tbd,tbd,tbd,tbd,tbd,tbd,tbd","tbd,tbd,tbd,tbd,tbd,tbd,tbd,tbd,tbd,tbd,tbd,tbd,tbd,tbd,tbd,tbd,tbd,tbd,tbd,tbd,tbd,tbd,tbd,tbd","tbd,tbd,tbd,tbd,tbd,tbd,tbd,tbd,tbd,tbd,tbd,tbd,tbd,tbd,tbd,tbd,tbd,tbd,tbd,tbd,tbd,tbd,tbd,tbd","tbd,tbd,tbd,tbd,tbd,tbd,tbd,tbd,tbd,tbd,tbd,tbd,tbd,tbd,tbd,tbd,tbd,tbd,tbd,tbd,tbd,tbd,tbd,tbd","tbd,tbd,tbd,tbd,tbd,tbd,tbd,tbd,tbd,tbd,tbd,tbd,tbd,tbd,tbd,tbd,tbd,tbd,tbd,tbd,tbd,tbd,tbd,tbd","tbd,tbd,tbd,tbd,tbd,tbd,tbd,tbd,tbd,tbd,tbd,tbd,tbd,tbd,tbd,tbd,tbd,tbd,tbd,tbd,tbd,tbd,tbd,tbd","tbd,tbd,tbd,tbd,tbd,tbd,tbd,tbd,tbd,tbd,tbd,tbd,tbd,tbd,tbd,tbd,tbd,tbd,tbd,tbd,tbd,tbd,tbd,tbd","tbd,tbd,tbd,tbd,tbd,tbd,tbd,tbd,tbd,tbd,tbd,tbd,tbd,tbd,tbd,tbd,tbd,tbd,tbd,tbd,tbd,tbd,tbd,tbd","tbd,tbd,tbd,tbd,tbd,tbd,tbd,tbd,tbd,tbd,tbd,tbd,tbd,tbd,tbd,tbd,tbd,tbd,tbd,tbd,tbd,tbd,tbd,tbd","tbd,tbd,tbd,tbd,tbd,tbd,tbd,tbd,tbd,tbd,tbd,tbd,tbd,tbd,tbd,tbd,tbd,tbd,tbd,tbd,tbd,tbd,tbd,tbd","tbd,tbd,tbd,tbd,tbd,tbd,tbd,tbd,tbd,tbd,tbd,tbd,tbd,tbd,tbd,tbd,tbd,tbd,tbd,tbd,tbd,tbd,tbd,tbd",tbd,tbd,tbd,tbd,tbd,tbd,tbd,tbd,tbd,tbd,tbd,tbd,tbd,,,,,tbd,tbd,tbd,tbd,tbd,tbd,tbd,tbd,tbd,tbd,tbd,tbd,tbd,tbd,tbd,tbd,tbd,tbd,,,,,,,,,,,,,tbd,tbd,tbd,tbd,tbd,tbd,tbd,tbd,tbd,tbd,tbd,tbd,tbd,tbd,tbd,tbd,tbd,tbd,tbd,tbd,tbd,tbd,tbd,tbd,tbd,tbd,tbd,tbd,tbd,tbd,tbd,tbd,tbd,tbd,tbd,,,,991.2244897959183,0.0,87.28236348417956,,,,2109.7264416751054
LHS Autogenerated 33,f7f1f1ce-fa43-4edb-9c86-655049c462af,2016-09-02T19:11:06Z,2016-09-02T19:11:57Z,completed,completed normal,CE180 - Increased Latent Load,tbd,tbd,tbd,tbd,tbd,tbd,tbd,tbd,tbd,tbd,tbd,tbd,tbd,tbd,tbd,tbd,tbd,tbd,tbd,tbd,tbd,tbd,"tbd,tbd,tbd,tbd,tbd,tbd,tbd,tbd,tbd,tbd,tbd,tbd,tbd,tbd,tbd,tbd,tbd,tbd,tbd,tbd,tbd,tbd,tbd,tbd","tbd,tbd,tbd,tbd,tbd,tbd,tbd,tbd,tbd,tbd,tbd,tbd,tbd,tbd,tbd,tbd,tbd,tbd,tbd,tbd,tbd,tbd,tbd,tbd","tbd,tbd,tbd,tbd,tbd,tbd,tbd,tbd,tbd,tbd,tbd,tbd,tbd,tbd,tbd,tbd,tbd,tbd,tbd,tbd,tbd,tbd,tbd,tbd","tbd,tbd,tbd,tbd,tbd,tbd,tbd,tbd,tbd,tbd,tbd,tbd,tbd,tbd,tbd,tbd,tbd,tbd,tbd,tbd,tbd,tbd,tbd,tbd","tbd,tbd,tbd,tbd,tbd,tbd,tbd,tbd,tbd,tbd,tbd,tbd,tbd,tbd,tbd,tbd,tbd,tbd,tbd,tbd,tbd,tbd,tbd,tbd","tbd,tbd,tbd,tbd,tbd,tbd,tbd,tbd,tbd,tbd,tbd,tbd,tbd,tbd,tbd,tbd,tbd,tbd,tbd,tbd,tbd,tbd,tbd,tbd","tbd,tbd,tbd,tbd,tbd,tbd,tbd,tbd,tbd,tbd,tbd,tbd,tbd,tbd,tbd,tbd,tbd,tbd,tbd,tbd,tbd,tbd,tbd,tbd","tbd,tbd,tbd,tbd,tbd,tbd,tbd,tbd,tbd,tbd,tbd,tbd,tbd,tbd,tbd,tbd,tbd,tbd,tbd,tbd,tbd,tbd,tbd,tbd","tbd,tbd,tbd,tbd,tbd,tbd,tbd,tbd,tbd,tbd,tbd,tbd,tbd,tbd,tbd,tbd,tbd,tbd,tbd,tbd,tbd,tbd,tbd,tbd","tbd,tbd,tbd,tbd,tbd,tbd,tbd,tbd,tbd,tbd,tbd,tbd,tbd,tbd,tbd,tbd,tbd,tbd,tbd,tbd,tbd,tbd,tbd,tbd","tbd,tbd,tbd,tbd,tbd,tbd,tbd,tbd,tbd,tbd,tbd,tbd,tbd,tbd,tbd,tbd,tbd,tbd,tbd,tbd,tbd,tbd,tbd,tbd",tbd,tbd,tbd,tbd,tbd,tbd,tbd,tbd,tbd,tbd,tbd,tbd,tbd,1879.0292509323626,863.0155231229129,tbd,2742.0447740552777,tbd,tbd,tbd,tbd,tbd,tbd,tbd,tbd,tbd,tbd,tbd,tbd,tbd,tbd,tbd,tbd,tbd,tbd,38544.02614459826,2329.076371994226,5391.476861656962,tbd,tbd,tbd,tbd,tbd,tbd,tbd,tbd,tbd,tbd,tbd,tbd,tbd,tbd,tbd,tbd,tbd,tbd,tbd,tbd,tbd,tbd,tbd,tbd,tbd,tbd,tbd,tbd,tbd,tbd,tbd,tbd,tbd,tbd,tbd,tbd,tbd,tbd,tbd,tbd,tbd,tbd,tbd,tbd,3060.386222425319,18476.60696574328,56995.28254258177,2588.9583333333335,0.0,227.97096381458488,,,,516.6677000020667
LHS Autogenerated 12,fa801209-f9f8-4487-84f0-0aa357015581,2016-09-02T19:12:01Z,2016-09-02T19:12:49Z,completed,completed normal,CE165 - Variatino fo Thermostat Setpoint and Outdoor Dry-Bulb Temperature at High Sensible Heat Ratio,tbd,tbd,tbd,tbd,tbd,tbd,tbd,tbd,tbd,tbd,tbd,tbd,tbd,tbd,tbd,tbd,tbd,tbd,tbd,tbd,tbd,tbd,"tbd,tbd,tbd,tbd,tbd,tbd,tbd,tbd,tbd,tbd,tbd,tbd,tbd,tbd,tbd,tbd,tbd,tbd,tbd,tbd,tbd,tbd,tbd,tbd","tbd,tbd,tbd,tbd,tbd,tbd,tbd,tbd,tbd,tbd,tbd,tbd,tbd,tbd,tbd,tbd,tbd,tbd,tbd,tbd,tbd,tbd,tbd,tbd","tbd,tbd,tbd,tbd,tbd,tbd,tbd,tbd,tbd,tbd,tbd,tbd,tbd,tbd,tbd,tbd,tbd,tbd,tbd,tbd,tbd,tbd,tbd,tbd","tbd,tbd,tbd,tbd,tbd,tbd,tbd,tbd,tbd,tbd,tbd,tbd,tbd,tbd,tbd,tbd,tbd,tbd,tbd,tbd,tbd,tbd,tbd,tbd","tbd,tbd,tbd,tbd,tbd,tbd,tbd,tbd,tbd,tbd,tbd,tbd,tbd,tbd,tbd,tbd,tbd,tbd,tbd,tbd,tbd,tbd,tbd,tbd","tbd,tbd,tbd,tbd,tbd,tbd,tbd,tbd,tbd,tbd,tbd,tbd,tbd,tbd,tbd,tbd,tbd,tbd,tbd,tbd,tbd,tbd,tbd,tbd","tbd,tbd,tbd,tbd,tbd,tbd,tbd,tbd,tbd,tbd,tbd,tbd,tbd,tbd,tbd,tbd,tbd,tbd,tbd,tbd,tbd,tbd,tbd,tbd","tbd,tbd,tbd,tbd,tbd,tbd,tbd,tbd,tbd,tbd,tbd,tbd,tbd,tbd,tbd,tbd,tbd,tbd,tbd,tbd,tbd,tbd,tbd,tbd","tbd,tbd,tbd,tbd,tbd,tbd,tbd,tbd,tbd,tbd,tbd,tbd,tbd,tbd,tbd,tbd,tbd,tbd,tbd,tbd,tbd,tbd,tbd,tbd","tbd,tbd,tbd,tbd,tbd,tbd,tbd,tbd,tbd,tbd,tbd,tbd,tbd,tbd,tbd,tbd,tbd,tbd,tbd,tbd,tbd,tbd,tbd,tbd","tbd,tbd,tbd,tbd,tbd,tbd,tbd,tbd,tbd,tbd,tbd,tbd,tbd,tbd,tbd,tbd,tbd,tbd,tbd,tbd,tbd,tbd,tbd,tbd",tbd,tbd,tbd,tbd,tbd,tbd,tbd,tbd,tbd,tbd,tbd,tbd,tbd,2500.861456893302,863.0155231229129,tbd,3363.8769800162086,tbd,tbd,tbd,tbd,tbd,tbd,tbd,tbd,tbd,tbd,tbd,tbd,tbd,tbd,tbd,tbd,tbd,tbd,9636.030548583158,4637.838412931416,5403.438643103845,tbd,tbd,tbd,tbd,tbd,tbd,tbd,tbd,tbd,tbd,tbd,tbd,tbd,tbd,tbd,tbd,tbd,tbd,tbd,tbd,tbd,tbd,tbd,tbd,tbd,tbd,tbd,tbd,tbd,tbd,tbd,tbd,tbd,tbd,tbd,tbd,tbd,tbd,tbd,tbd,tbd,tbd,tbd,tbd,764.2934517340568,47524.98896025301,57144.57300342653,3175.8333333333335,0.0,279.6482958388615,,,,516.6677000020667
LHS Autogenerated 1,fce875fe-9d25-4d53-972c-b46cf9399679,2016-09-02T19:12:11Z,2016-09-02T19:12:58Z,completed,completed normal,CE140 - Reduced Outdoor Dry-Bulb Temperature at Low Part-Load Ratio,tbd,tbd,tbd,tbd,tbd,tbd,tbd,tbd,tbd,tbd,tbd,tbd,tbd,tbd,tbd,tbd,tbd,tbd,tbd,tbd,tbd,tbd,"tbd,tbd,tbd,tbd,tbd,tbd,tbd,tbd,tbd,tbd,tbd,tbd,tbd,tbd,tbd,tbd,tbd,tbd,tbd,tbd,tbd,tbd,tbd,tbd","tbd,tbd,tbd,tbd,tbd,tbd,tbd,tbd,tbd,tbd,tbd,tbd,tbd,tbd,tbd,tbd,tbd,tbd,tbd,tbd,tbd,tbd,tbd,tbd","tbd,tbd,tbd,tbd,tbd,tbd,tbd,tbd,tbd,tbd,tbd,tbd,tbd,tbd,tbd,tbd,tbd,tbd,tbd,tbd,tbd,tbd,tbd,tbd","tbd,tbd,tbd,tbd,tbd,tbd,tbd,tbd,tbd,tbd,tbd,tbd,tbd,tbd,tbd,tbd,tbd,tbd,tbd,tbd,tbd,tbd,tbd,tbd","tbd,tbd,tbd,tbd,tbd,tbd,tbd,tbd,tbd,tbd,tbd,tbd,tbd,tbd,tbd,tbd,tbd,tbd,tbd,tbd,tbd,tbd,tbd,tbd","tbd,tbd,tbd,tbd,tbd,tbd,tbd,tbd,tbd,tbd,tbd,tbd,tbd,tbd,tbd,tbd,tbd,tbd,tbd,tbd,tbd,tbd,tbd,tbd","tbd,tbd,tbd,tbd,tbd,tbd,tbd,tbd,tbd,tbd,tbd,tbd,tbd,tbd,tbd,tbd,tbd,tbd,tbd,tbd,tbd,tbd,tbd,tbd","tbd,tbd,tbd,tbd,tbd,tbd,tbd,tbd,tbd,tbd,tbd,tbd,tbd,tbd,tbd,tbd,tbd,tbd,tbd,tbd,tbd,tbd,tbd,tbd","tbd,tbd,tbd,tbd,tbd,tbd,tbd,tbd,tbd,tbd,tbd,tbd,tbd,tbd,tbd,tbd,tbd,tbd,tbd,tbd,tbd,tbd,tbd,tbd","tbd,tbd,tbd,tbd,tbd,tbd,tbd,tbd,tbd,tbd,tbd,tbd,tbd,tbd,tbd,tbd,tbd,tbd,tbd,tbd,tbd,tbd,tbd,tbd","tbd,tbd,tbd,tbd,tbd,tbd,tbd,tbd,tbd,tbd,tbd,tbd,tbd,tbd,tbd,tbd,tbd,tbd,tbd,tbd,tbd,tbd,tbd,tbd",tbd,tbd,tbd,tbd,tbd,tbd,tbd,tbd,tbd,tbd,tbd,tbd,tbd,428.60862608049314,863.0155231229129,tbd,1291.6241492034055,tbd,tbd,tbd,tbd,tbd,tbd,tbd,tbd,tbd,tbd,tbd,tbd,tbd,tbd,tbd,tbd,tbd,tbd,0.08820318771042822,1057.4044909204235,1057.4044909204245,tbd,tbd,tbd,tbd,tbd,tbd,tbd,tbd,tbd,tbd,tbd,tbd,tbd,tbd,tbd,tbd,tbd,tbd,tbd,tbd,tbd,tbd,tbd,tbd,tbd,tbd,tbd,tbd,tbd,tbd,tbd,tbd,tbd,tbd,tbd,tbd,tbd,tbd,tbd,tbd,tbd,tbd,tbd,tbd,8.738633520503454e-13,2445.7297643422403,2445.817959726933,1219.375,0.0,107.37217761380586,,,,516.6677000020667
